--------------------------------------------------------
--  文件已创建 - 星期六-九月-09-2023   
--------------------------------------------------------
--------------------------------------------------------
--  DDL for Table ACCOUNTING_SUBJECTS
--------------------------------------------------------

  CREATE TABLE "DESIGN"."ACCOUNTING_SUBJECTS" 
   (	"ACCOUNT_SUBJECT_ID" NUMBER(38,0) GENERATED BY DEFAULT ON NULL AS IDENTITY MINVALUE 1 MAXVALUE 9999999999999999999999999999 INCREMENT BY 1 START WITH 1 CACHE 20 NOORDER  NOCYCLE  NOKEEP  NOSCALE , 
	"EMP_ID" NUMBER(38,0), 
	"CATEGORY" VARCHAR2(128 BYTE), 
	"DEBIT" VARCHAR2(128 BYTE), 
	"CREDIT" VARCHAR2(128 BYTE), 
	"AMOUNT" NUMBER(38,0)
   ) SEGMENT CREATION IMMEDIATE 
  PCTFREE 10 PCTUSED 40 INITRANS 1 MAXTRANS 255 
 NOCOMPRESS LOGGING
  STORAGE(INITIAL 65536 NEXT 1048576 MINEXTENTS 1 MAXEXTENTS 2147483645
  PCTINCREASE 0 FREELISTS 1 FREELIST GROUPS 1
  BUFFER_POOL DEFAULT FLASH_CACHE DEFAULT CELL_FLASH_CACHE DEFAULT)
  TABLESPACE "DBDESIGN" ;
--------------------------------------------------------
--  DDL for Table APPLICATION
--------------------------------------------------------

  CREATE TABLE "DESIGN"."APPLICATION" 
   (	"APPLICATION_ID" NUMBER(38,0) GENERATED BY DEFAULT ON NULL AS IDENTITY MINVALUE 1 MAXVALUE 9999999999999999999999999999 INCREMENT BY 1 START WITH 1 CACHE 20 NOORDER  NOCYCLE  NOKEEP  NOSCALE , 
	"APPLICATION_TIME" DATE, 
	"APPLICATION_TYPE" VARCHAR2(20 BYTE), 
	"APPLICATION_CONTENT" VARCHAR2(128 BYTE), 
	"IF_APPROVE" VARCHAR2(20 BYTE), 
	"EMPLOYEE_ID" NUMBER(38,0)
   ) SEGMENT CREATION IMMEDIATE 
  PCTFREE 10 PCTUSED 40 INITRANS 1 MAXTRANS 255 
 NOCOMPRESS LOGGING
  STORAGE(INITIAL 65536 NEXT 1048576 MINEXTENTS 1 MAXEXTENTS 2147483645
  PCTINCREASE 0 FREELISTS 1 FREELIST GROUPS 1
  BUFFER_POOL DEFAULT FLASH_CACHE DEFAULT CELL_FLASH_CACHE DEFAULT)
  TABLESPACE "DBDESIGN" ;
--------------------------------------------------------
--  DDL for Table ASSETS_INFORMATION
--------------------------------------------------------

  CREATE TABLE "DESIGN"."ASSETS_INFORMATION" 
   (	"ASSET_ID" NUMBER(38,0) GENERATED BY DEFAULT ON NULL AS IDENTITY MINVALUE 1 MAXVALUE 9999999999999999999999999999 INCREMENT BY 1 START WITH 1 CACHE 20 NOORDER  NOCYCLE  NOKEEP  NOSCALE , 
	"ACCOUNT_SUBJECT_ID" NUMBER(38,0), 
	"ASSETS_NAME" VARCHAR2(50 BYTE), 
	"ASSETS_CATEGORY" VARCHAR2(50 BYTE), 
	"LOCATION_ID" NUMBER(38,0), 
	"REGISTRATION_TIME" TIMESTAMP (6), 
	"ORIGINAL_ASSETS_AMOUNT" NUMBER(12,0), 
	"VALID" VARCHAR2(10 BYTE) DEFAULT ('Y')
   ) SEGMENT CREATION IMMEDIATE 
  PCTFREE 10 PCTUSED 40 INITRANS 1 MAXTRANS 255 
 NOCOMPRESS LOGGING
  STORAGE(INITIAL 65536 NEXT 1048576 MINEXTENTS 1 MAXEXTENTS 2147483645
  PCTINCREASE 0 FREELISTS 1 FREELIST GROUPS 1
  BUFFER_POOL DEFAULT FLASH_CACHE DEFAULT CELL_FLASH_CACHE DEFAULT)
  TABLESPACE "DBDESIGN" ;
--------------------------------------------------------
--  DDL for Table ASSETS_SUMMARIZE
--------------------------------------------------------

  CREATE TABLE "DESIGN"."ASSETS_SUMMARIZE" 
   (	"ASSET_ID" NUMBER(38,0) GENERATED BY DEFAULT ON NULL AS IDENTITY MINVALUE 1 MAXVALUE 9999999999999999999999999999 INCREMENT BY 1 START WITH 1 CACHE 20 NOORDER  NOCYCLE  NOKEEP  NOSCALE , 
	"ACCOUNT_SUBJECT_ID" NUMBER(38,0), 
	"ASSETS_AMOUNT" NUMBER(12,0), 
	"ASSETS_DEPRECIATION" NUMBER(12,0), 
	"ASSET_PRESENT_VALUE" NUMBER(12,0), 
	"RESPONS_PERSON_ID" NUMBER(38,0)
   ) SEGMENT CREATION IMMEDIATE 
  PCTFREE 10 PCTUSED 40 INITRANS 1 MAXTRANS 255 
 NOCOMPRESS LOGGING
  STORAGE(INITIAL 65536 NEXT 1048576 MINEXTENTS 1 MAXEXTENTS 2147483645
  PCTINCREASE 0 FREELISTS 1 FREELIST GROUPS 1
  BUFFER_POOL DEFAULT FLASH_CACHE DEFAULT CELL_FLASH_CACHE DEFAULT)
  TABLESPACE "DBDESIGN" ;
--------------------------------------------------------
--  DDL for Table ASSIGNMENT
--------------------------------------------------------

  CREATE TABLE "DESIGN"."ASSIGNMENT" 
   (	"ASSIGNMENT_ID" NUMBER(38,0) GENERATED BY DEFAULT ON NULL AS IDENTITY MINVALUE 1 MAXVALUE 9999999999999999999999999999 INCREMENT BY 1 START WITH 1 CACHE 20 NOORDER  NOCYCLE  NOKEEP  NOSCALE , 
	"DEPARTMENT_ID" NUMBER(38,0), 
	"ASSIGNMENT_NAME" VARCHAR2(128 BYTE), 
	"ASSIGNMENT_NOTE" VARCHAR2(128 BYTE)
   ) SEGMENT CREATION IMMEDIATE 
  PCTFREE 10 PCTUSED 40 INITRANS 1 MAXTRANS 255 
 NOCOMPRESS LOGGING
  STORAGE(INITIAL 65536 NEXT 1048576 MINEXTENTS 1 MAXEXTENTS 2147483645
  PCTINCREASE 0 FREELISTS 1 FREELIST GROUPS 1
  BUFFER_POOL DEFAULT FLASH_CACHE DEFAULT CELL_FLASH_CACHE DEFAULT)
  TABLESPACE "DBDESIGN" ;
--------------------------------------------------------
--  DDL for Table ATTENDANCE_INFORMATION
--------------------------------------------------------

  CREATE TABLE "DESIGN"."ATTENDANCE_INFORMATION" 
   (	"ATTENDANCE_ID" NUMBER(38,0) GENERATED BY DEFAULT ON NULL AS IDENTITY MINVALUE 1 MAXVALUE 9999999999999999999999999999 INCREMENT BY 1 START WITH 1 CACHE 20 NOORDER  NOCYCLE  NOKEEP  NOSCALE , 
	"EMP_ID" NUMBER(38,0), 
	"YEAR" NUMBER(38,0), 
	"MONTH" NUMBER(38,0), 
	"EXPECT_ATTENDANCE_DAYS" NUMBER(38,0), 
	"ACTUAL_ATTENDANCE_DAYS" NUMBER(38,0), 
	"PERSONAL_LEAVE_DAYS" NUMBER(38,0), 
	"SICK_LEAVE_DAYS" NUMBER(38,0), 
	"LATE_DAYS" NUMBER(38,0), 
	"EARLY_DEPARTURE_DAYS" NUMBER(38,0), 
	"ABSENT_DAYS" NUMBER(38,0)
   ) SEGMENT CREATION IMMEDIATE 
  PCTFREE 10 PCTUSED 40 INITRANS 1 MAXTRANS 255 
 NOCOMPRESS LOGGING
  STORAGE(INITIAL 65536 NEXT 1048576 MINEXTENTS 1 MAXEXTENTS 2147483645
  PCTINCREASE 0 FREELISTS 1 FREELIST GROUPS 1
  BUFFER_POOL DEFAULT FLASH_CACHE DEFAULT CELL_FLASH_CACHE DEFAULT)
  TABLESPACE "DBDESIGN" ;
--------------------------------------------------------
--  DDL for Table BILL
--------------------------------------------------------

  CREATE TABLE "DESIGN"."BILL" 
   (	"BILL_ID" NUMBER(38,0) GENERATED BY DEFAULT ON NULL AS IDENTITY MINVALUE 1 MAXVALUE 9999999999999999999999999999 INCREMENT BY 1 START WITH 1 CACHE 20 NOORDER  NOCYCLE  NOKEEP  NOSCALE , 
	"ROOM_COST" NUMBER(10,2), 
	"FOOD_COST" NUMBER(10,2), 
	"OTHER_COST" NUMBER(10,2), 
	"BILL_TYPE" VARCHAR2(128 BYTE), 
	"INVOICE_NUMBER" VARCHAR2(128 BYTE)
   ) SEGMENT CREATION IMMEDIATE 
  PCTFREE 10 PCTUSED 40 INITRANS 1 MAXTRANS 255 
 NOCOMPRESS LOGGING
  STORAGE(INITIAL 65536 NEXT 1048576 MINEXTENTS 1 MAXEXTENTS 2147483645
  PCTINCREASE 0 FREELISTS 1 FREELIST GROUPS 1
  BUFFER_POOL DEFAULT FLASH_CACHE DEFAULT CELL_FLASH_CACHE DEFAULT)
  TABLESPACE "DBDESIGN" ;
--------------------------------------------------------
--  DDL for Table BOOK
--------------------------------------------------------

  CREATE TABLE "DESIGN"."BOOK" 
   (	"TABLE_ID" NUMBER(38,0), 
	"CUSTOMER_ID" NUMBER(38,0), 
	"BOOK_TIME" TIMESTAMP (6), 
	"NUM" NUMBER(38,0), 
	"BOOK_STATUS" VARCHAR2(20 BYTE), 
	"SPECIAL_DEMAND" VARCHAR2(128 BYTE), 
	"NOTE" VARCHAR2(128 BYTE)
   ) SEGMENT CREATION IMMEDIATE 
  PCTFREE 10 PCTUSED 40 INITRANS 1 MAXTRANS 255 
 NOCOMPRESS LOGGING
  STORAGE(INITIAL 65536 NEXT 1048576 MINEXTENTS 1 MAXEXTENTS 2147483645
  PCTINCREASE 0 FREELISTS 1 FREELIST GROUPS 1
  BUFFER_POOL DEFAULT FLASH_CACHE DEFAULT CELL_FLASH_CACHE DEFAULT)
  TABLESPACE "DBDESIGN" ;
--------------------------------------------------------
--  DDL for Table CAR
--------------------------------------------------------

  CREATE TABLE "DESIGN"."CAR" 
   (	"CAR_NUMBER" VARCHAR2(20 BYTE), 
	"CUSTOMER_ID" NUMBER(38,0)
   ) SEGMENT CREATION IMMEDIATE 
  PCTFREE 10 PCTUSED 40 INITRANS 1 MAXTRANS 255 
 NOCOMPRESS LOGGING
  STORAGE(INITIAL 65536 NEXT 1048576 MINEXTENTS 1 MAXEXTENTS 2147483645
  PCTINCREASE 0 FREELISTS 1 FREELIST GROUPS 1
  BUFFER_POOL DEFAULT FLASH_CACHE DEFAULT CELL_FLASH_CACHE DEFAULT)
  TABLESPACE "DBDESIGN" ;
--------------------------------------------------------
--  DDL for Table CHECKIN
--------------------------------------------------------

  CREATE TABLE "DESIGN"."CHECKIN" 
   (	"CUSTOMER_ID" NUMBER(38,0), 
	"ROOM_ID" NUMBER(38,0), 
	"IN_TIME" TIMESTAMP (6), 
	"OUT_TIME" TIMESTAMP (6)
   ) SEGMENT CREATION IMMEDIATE 
  PCTFREE 10 PCTUSED 40 INITRANS 1 MAXTRANS 255 
 NOCOMPRESS LOGGING
  STORAGE(INITIAL 65536 NEXT 1048576 MINEXTENTS 1 MAXEXTENTS 2147483645
  PCTINCREASE 0 FREELISTS 1 FREELIST GROUPS 1
  BUFFER_POOL DEFAULT FLASH_CACHE DEFAULT CELL_FLASH_CACHE DEFAULT)
  TABLESPACE "DBDESIGN" ;
--------------------------------------------------------
--  DDL for Table CHECKREPAIR
--------------------------------------------------------

  CREATE TABLE "DESIGN"."CHECKREPAIR" 
   (	"EMP_ID" NUMBER(38,0), 
	"ASSET_ID" NUMBER(38,0), 
	"CHECK_REPAIR_TIME" TIMESTAMP (6), 
	"CHECK_REPAIR_CONTENT" VARCHAR2(128 BYTE)
   ) SEGMENT CREATION IMMEDIATE 
  PCTFREE 10 PCTUSED 40 INITRANS 1 MAXTRANS 255 
 NOCOMPRESS LOGGING
  STORAGE(INITIAL 65536 NEXT 1048576 MINEXTENTS 1 MAXEXTENTS 2147483645
  PCTINCREASE 0 FREELISTS 1 FREELIST GROUPS 1
  BUFFER_POOL DEFAULT FLASH_CACHE DEFAULT CELL_FLASH_CACHE DEFAULT)
  TABLESPACE "DBDESIGN" ;
--------------------------------------------------------
--  DDL for Table CHECK_IN_CHECK_OUT
--------------------------------------------------------

  CREATE TABLE "DESIGN"."CHECK_IN_CHECK_OUT" 
   (	"CHECK_IN_ID" NUMBER(38,0) GENERATED BY DEFAULT ON NULL AS IDENTITY MINVALUE 1 MAXVALUE 9999999999999999999999999999 INCREMENT BY 1 START WITH 1 CACHE 20 NOORDER  NOCYCLE  NOKEEP  NOSCALE , 
	"EMP_ID" NUMBER(38,0), 
	"CHECK_IN_DATE" DATE
   ) SEGMENT CREATION IMMEDIATE 
  PCTFREE 10 PCTUSED 40 INITRANS 1 MAXTRANS 255 
 NOCOMPRESS LOGGING
  STORAGE(INITIAL 65536 NEXT 1048576 MINEXTENTS 1 MAXEXTENTS 2147483645
  PCTINCREASE 0 FREELISTS 1 FREELIST GROUPS 1
  BUFFER_POOL DEFAULT FLASH_CACHE DEFAULT CELL_FLASH_CACHE DEFAULT)
  TABLESPACE "DBDESIGN" ;
--------------------------------------------------------
--  DDL for Table CLEANING
--------------------------------------------------------

  CREATE TABLE "DESIGN"."CLEANING" 
   (	"ROOM_ID" NUMBER(38,0), 
	"EMP_ID" NUMBER(38,0), 
	"CLEANING_TIME" TIMESTAMP (6)
   ) SEGMENT CREATION IMMEDIATE 
  PCTFREE 10 PCTUSED 40 INITRANS 1 MAXTRANS 255 
 NOCOMPRESS LOGGING
  STORAGE(INITIAL 65536 NEXT 1048576 MINEXTENTS 1 MAXEXTENTS 2147483645
  PCTINCREASE 0 FREELISTS 1 FREELIST GROUPS 1
  BUFFER_POOL DEFAULT FLASH_CACHE DEFAULT CELL_FLASH_CACHE DEFAULT)
  TABLESPACE "DBDESIGN" ;
--------------------------------------------------------
--  DDL for Table COMPLAINT
--------------------------------------------------------

  CREATE TABLE "DESIGN"."COMPLAINT" 
   (	"COMPLAINT_ID" NUMBER(38,0) GENERATED BY DEFAULT ON NULL AS IDENTITY MINVALUE 1 MAXVALUE 9999999999999999999999999999 INCREMENT BY 1 START WITH 1 CACHE 20 NOORDER  NOCYCLE  NOKEEP  NOSCALE , 
	"CUSTOMER_ID" NUMBER(38,0), 
	"WAY" VARCHAR2(20 BYTE), 
	"SUBMIT_TIME" TIMESTAMP (6), 
	"COMPLAINT_TYPE" VARCHAR2(50 BYTE), 
	"DESCRIPTION" VARCHAR2(128 BYTE), 
	"FEEDBACK" VARCHAR2(50 BYTE), 
	"RESULT" VARCHAR2(50 BYTE)
   ) SEGMENT CREATION IMMEDIATE 
  PCTFREE 10 PCTUSED 40 INITRANS 1 MAXTRANS 255 
 NOCOMPRESS LOGGING
  STORAGE(INITIAL 65536 NEXT 1048576 MINEXTENTS 1 MAXEXTENTS 2147483645
  PCTINCREASE 0 FREELISTS 1 FREELIST GROUPS 1
  BUFFER_POOL DEFAULT FLASH_CACHE DEFAULT CELL_FLASH_CACHE DEFAULT)
  TABLESPACE "DBDESIGN" ;
--------------------------------------------------------
--  DDL for Table CONSUME
--------------------------------------------------------

  CREATE TABLE "DESIGN"."CONSUME" 
   (	"DEPARTMENT_ID" NUMBER(38,0), 
	"GOODS_ID" NUMBER(38,0), 
	"CONSUME_QUANTITY" NUMBER(38,0)
   ) SEGMENT CREATION IMMEDIATE 
  PCTFREE 10 PCTUSED 40 INITRANS 1 MAXTRANS 255 
 NOCOMPRESS LOGGING
  STORAGE(INITIAL 65536 NEXT 1048576 MINEXTENTS 1 MAXEXTENTS 2147483645
  PCTINCREASE 0 FREELISTS 1 FREELIST GROUPS 1
  BUFFER_POOL DEFAULT FLASH_CACHE DEFAULT CELL_FLASH_CACHE DEFAULT)
  TABLESPACE "DBDESIGN" ;
--------------------------------------------------------
--  DDL for Table CONSUMPTION_RECORDS
--------------------------------------------------------

  CREATE TABLE "DESIGN"."CONSUMPTION_RECORDS" 
   (	"CONSUME_ID" NUMBER(38,0) GENERATED BY DEFAULT ON NULL AS IDENTITY MINVALUE 1 MAXVALUE 9999999999999999999999999999 INCREMENT BY 1 START WITH 1 CACHE 20 NOORDER  NOCYCLE  NOKEEP  NOSCALE , 
	"ROOM_ID" NUMBER(38,0), 
	"BILL_ID" NUMBER(38,0), 
	"EMPLOYEE_ID" NUMBER(38,0), 
	"CONSUME_TYPE" VARCHAR2(30 BYTE), 
	"CONSUME_TIME" TIMESTAMP (6), 
	"CONSUME_AMOUNT" NUMBER(10,2)
   ) SEGMENT CREATION IMMEDIATE 
  PCTFREE 10 PCTUSED 40 INITRANS 1 MAXTRANS 255 
 NOCOMPRESS LOGGING
  STORAGE(INITIAL 65536 NEXT 1048576 MINEXTENTS 1 MAXEXTENTS 2147483645
  PCTINCREASE 0 FREELISTS 1 FREELIST GROUPS 1
  BUFFER_POOL DEFAULT FLASH_CACHE DEFAULT CELL_FLASH_CACHE DEFAULT)
  TABLESPACE "DBDESIGN" ;
--------------------------------------------------------
--  DDL for Table CUSTOMER
--------------------------------------------------------

  CREATE TABLE "DESIGN"."CUSTOMER" 
   (	"CUSTOMER_ID" NUMBER(38,0) GENERATED BY DEFAULT ON NULL AS IDENTITY MINVALUE 1 MAXVALUE 9999999999999999999999999999 INCREMENT BY 1 START WITH 1 CACHE 20 NOORDER  NOCYCLE  NOKEEP  NOSCALE , 
	"NAME" VARCHAR2(128 BYTE), 
	"ID" VARCHAR2(20 BYTE), 
	"GENDER" VARCHAR2(6 BYTE), 
	"PHONE" VARCHAR2(20 BYTE), 
	"CREDIT_GRADE" VARCHAR2(20 BYTE), 
	"MEMBER_GRADE" VARCHAR2(20 BYTE)
   ) SEGMENT CREATION IMMEDIATE 
  PCTFREE 10 PCTUSED 40 INITRANS 1 MAXTRANS 255 
 NOCOMPRESS LOGGING
  STORAGE(INITIAL 65536 NEXT 1048576 MINEXTENTS 1 MAXEXTENTS 2147483645
  PCTINCREASE 0 FREELISTS 1 FREELIST GROUPS 1
  BUFFER_POOL DEFAULT FLASH_CACHE DEFAULT CELL_FLASH_CACHE DEFAULT)
  TABLESPACE "DBDESIGN" ;
--------------------------------------------------------
--  DDL for Table DEPARTMENT
--------------------------------------------------------

  CREATE TABLE "DESIGN"."DEPARTMENT" 
   (	"DEPARTMENT_ID" NUMBER(38,0) GENERATED BY DEFAULT ON NULL AS IDENTITY MINVALUE 1 MAXVALUE 9999999999999999999999999999 INCREMENT BY 1 START WITH 1 CACHE 20 NOORDER  NOCYCLE  NOKEEP  NOSCALE , 
	"DEPARTMENT_NAME" VARCHAR2(20 BYTE), 
	"NUMBER_OF_PEOPLE" NUMBER(38,0)
   ) SEGMENT CREATION IMMEDIATE 
  PCTFREE 10 PCTUSED 40 INITRANS 1 MAXTRANS 255 
 NOCOMPRESS LOGGING
  STORAGE(INITIAL 65536 NEXT 1048576 MINEXTENTS 1 MAXEXTENTS 2147483645
  PCTINCREASE 0 FREELISTS 1 FREELIST GROUPS 1
  BUFFER_POOL DEFAULT FLASH_CACHE DEFAULT CELL_FLASH_CACHE DEFAULT)
  TABLESPACE "DBDESIGN" ;
--------------------------------------------------------
--  DDL for Table DISH
--------------------------------------------------------

  CREATE TABLE "DESIGN"."DISH" 
   (	"DISH_ID" NUMBER(38,0) GENERATED BY DEFAULT ON NULL AS IDENTITY MINVALUE 1 MAXVALUE 9999999999999999999999999999 INCREMENT BY 1 START WITH 1 CACHE 20 NOORDER  NOCYCLE  NOKEEP  NOSCALE , 
	"DISH_NAME" VARCHAR2(50 BYTE), 
	"DISH_PRICE" NUMBER(10,2), 
	"DISH_TASTE" VARCHAR2(30 BYTE)
   ) SEGMENT CREATION IMMEDIATE 
  PCTFREE 10 PCTUSED 40 INITRANS 1 MAXTRANS 255 
 NOCOMPRESS LOGGING
  STORAGE(INITIAL 65536 NEXT 1048576 MINEXTENTS 1 MAXEXTENTS 2147483645
  PCTINCREASE 0 FREELISTS 1 FREELIST GROUPS 1
  BUFFER_POOL DEFAULT FLASH_CACHE DEFAULT CELL_FLASH_CACHE DEFAULT)
  TABLESPACE "DBDESIGN" ;
--------------------------------------------------------
--  DDL for Table EMPLOYEE
--------------------------------------------------------

  CREATE TABLE "DESIGN"."EMPLOYEE" 
   (	"EMPLOYEE_ID" NUMBER(38,0) GENERATED BY DEFAULT ON NULL AS IDENTITY MINVALUE 1 MAXVALUE 9999999999999999999999999999 INCREMENT BY 1 START WITH 1 CACHE 20 NOORDER  NOCYCLE  NOKEEP  NOSCALE , 
	"NAME" VARCHAR2(128 BYTE), 
	"ACCOUNT" VARCHAR2(20 BYTE), 
	"SEX" VARCHAR2(6 BYTE), 
	"AGE" NUMBER(3,0), 
	"POST_ID" NUMBER(38,0), 
	"ENTRY_TIME" DATE, 
	"PHONE_NUMBER" VARCHAR2(20 BYTE), 
	"BASE_PAY" NUMBER(38,0), 
	"PASSWORD" VARCHAR2(40 BYTE), 
	"BANK_NAME" VARCHAR2(128 BYTE), 
	"CREDIT_CARD_NUMBER" VARCHAR2(30 BYTE)
   ) SEGMENT CREATION IMMEDIATE 
  PCTFREE 10 PCTUSED 40 INITRANS 1 MAXTRANS 255 
 NOCOMPRESS LOGGING
  STORAGE(INITIAL 65536 NEXT 1048576 MINEXTENTS 1 MAXEXTENTS 2147483645
  PCTINCREASE 0 FREELISTS 1 FREELIST GROUPS 1
  BUFFER_POOL DEFAULT FLASH_CACHE DEFAULT CELL_FLASH_CACHE DEFAULT)
  TABLESPACE "DBDESIGN" ;
--------------------------------------------------------
--  DDL for Table ENTER_EXIT
--------------------------------------------------------

  CREATE TABLE "DESIGN"."ENTER_EXIT" 
   (	"INFO_ID" NUMBER(38,0) GENERATED BY DEFAULT ON NULL AS IDENTITY MINVALUE 1 MAXVALUE 9999999999999999999999999999 INCREMENT BY 1 START WITH 1 CACHE 20 NOORDER  NOCYCLE  NOKEEP  NOSCALE , 
	"CAR_NUMBER" VARCHAR2(20 BYTE), 
	"ENTER_TIME" TIMESTAMP (6), 
	"EXIT_TIME" TIMESTAMP (6)
   ) SEGMENT CREATION IMMEDIATE 
  PCTFREE 10 PCTUSED 40 INITRANS 1 MAXTRANS 255 
 NOCOMPRESS LOGGING
  STORAGE(INITIAL 65536 NEXT 1048576 MINEXTENTS 1 MAXEXTENTS 2147483645
  PCTINCREASE 0 FREELISTS 1 FREELIST GROUPS 1
  BUFFER_POOL DEFAULT FLASH_CACHE DEFAULT CELL_FLASH_CACHE DEFAULT)
  TABLESPACE "DBDESIGN" ;
--------------------------------------------------------
--  DDL for Table GOODS
--------------------------------------------------------

  CREATE TABLE "DESIGN"."GOODS" 
   (	"GOODS_ID" NUMBER(38,0) GENERATED BY DEFAULT ON NULL AS IDENTITY MINVALUE 1 MAXVALUE 9999999999999999999999999999 INCREMENT BY 1 START WITH 1 CACHE 20 NOORDER  NOCYCLE  NOKEEP  NOSCALE , 
	"CATEGORY" VARCHAR2(30 BYTE), 
	"GOODS_NAME" VARCHAR2(50 BYTE), 
	"INVENTORY" NUMBER(38,0)
   ) SEGMENT CREATION IMMEDIATE 
  PCTFREE 10 PCTUSED 40 INITRANS 1 MAXTRANS 255 
 NOCOMPRESS LOGGING
  STORAGE(INITIAL 65536 NEXT 1048576 MINEXTENTS 1 MAXEXTENTS 2147483645
  PCTINCREASE 0 FREELISTS 1 FREELIST GROUPS 1
  BUFFER_POOL DEFAULT FLASH_CACHE DEFAULT CELL_FLASH_CACHE DEFAULT)
  TABLESPACE "DBDESIGN" ;
--------------------------------------------------------
--  DDL for Table LOCATION
--------------------------------------------------------

  CREATE TABLE "DESIGN"."LOCATION" 
   (	"LOCATION_ID" NUMBER(38,0) GENERATED BY DEFAULT ON NULL AS IDENTITY MINVALUE 1 MAXVALUE 9999999999999999999999999999 INCREMENT BY 1 START WITH 1 CACHE 20 NOORDER  NOCYCLE  NOKEEP  NOSCALE , 
	"FLOOR" NUMBER(38,0), 
	"ROOM_ID" NUMBER(38,0), 
	"NOTE" VARCHAR2(128 BYTE)
   ) SEGMENT CREATION IMMEDIATE 
  PCTFREE 10 PCTUSED 40 INITRANS 1 MAXTRANS 255 
 NOCOMPRESS LOGGING
  STORAGE(INITIAL 65536 NEXT 1048576 MINEXTENTS 1 MAXEXTENTS 2147483645
  PCTINCREASE 0 FREELISTS 1 FREELIST GROUPS 1
  BUFFER_POOL DEFAULT FLASH_CACHE DEFAULT CELL_FLASH_CACHE DEFAULT)
  TABLESPACE "DBDESIGN" ;
--------------------------------------------------------
--  DDL for Table MAINTAIN
--------------------------------------------------------

  CREATE TABLE "DESIGN"."MAINTAIN" 
   (	"ROOM_ID" NUMBER(38,0), 
	"EMP_ID" NUMBER(38,0), 
	"MAINTAIN_TIME" TIMESTAMP (6), 
	"OBJECT" VARCHAR2(128 BYTE), 
	"RESULT" VARCHAR2(128 BYTE)
   ) SEGMENT CREATION IMMEDIATE 
  PCTFREE 10 PCTUSED 40 INITRANS 1 MAXTRANS 255 
 NOCOMPRESS LOGGING
  STORAGE(INITIAL 65536 NEXT 1048576 MINEXTENTS 1 MAXEXTENTS 2147483645
  PCTINCREASE 0 FREELISTS 1 FREELIST GROUPS 1
  BUFFER_POOL DEFAULT FLASH_CACHE DEFAULT CELL_FLASH_CACHE DEFAULT)
  TABLESPACE "DBDESIGN" ;
--------------------------------------------------------
--  DDL for Table MYORDER
--------------------------------------------------------

  CREATE TABLE "DESIGN"."MYORDER" 
   (	"TABLE_ID" NUMBER(38,0), 
	"DISH_ID" NUMBER(38,0), 
	"ORDER_TIME" TIMESTAMP (6), 
	"CONSUMPTION_RECORD_ID" NUMBER(38,0), 
	"ORDER_STATUS" VARCHAR2(30 BYTE)
   ) SEGMENT CREATION IMMEDIATE 
  PCTFREE 10 PCTUSED 40 INITRANS 1 MAXTRANS 255 
 NOCOMPRESS LOGGING
  STORAGE(INITIAL 65536 NEXT 1048576 MINEXTENTS 1 MAXEXTENTS 2147483645
  PCTINCREASE 0 FREELISTS 1 FREELIST GROUPS 1
  BUFFER_POOL DEFAULT FLASH_CACHE DEFAULT CELL_FLASH_CACHE DEFAULT)
  TABLESPACE "DBDESIGN" ;
--------------------------------------------------------
--  DDL for Table MYTABLE
--------------------------------------------------------

  CREATE TABLE "DESIGN"."MYTABLE" 
   (	"TABLE_ID" NUMBER(38,0) GENERATED BY DEFAULT ON NULL AS IDENTITY MINVALUE 1 MAXVALUE 9999999999999999999999999999 INCREMENT BY 1 START WITH 1 CACHE 20 NOORDER  NOCYCLE  NOKEEP  NOSCALE , 
	"CAPACITY_NUM" NUMBER(38,0), 
	"TABLE_TYPE" VARCHAR2(30 BYTE), 
	"TABLE_LOCATION" VARCHAR2(30 BYTE), 
	"TABLE_STATUS" VARCHAR2(30 BYTE), 
	"NOTE" VARCHAR2(128 BYTE), 
	"BOOKABLE" NUMBER(38,0), 
	"AVAILABLE" NUMBER(38,0)
   ) SEGMENT CREATION IMMEDIATE 
  PCTFREE 10 PCTUSED 40 INITRANS 1 MAXTRANS 255 
 NOCOMPRESS LOGGING
  STORAGE(INITIAL 65536 NEXT 1048576 MINEXTENTS 1 MAXEXTENTS 2147483645
  PCTINCREASE 0 FREELISTS 1 FREELIST GROUPS 1
  BUFFER_POOL DEFAULT FLASH_CACHE DEFAULT CELL_FLASH_CACHE DEFAULT)
  TABLESPACE "DBDESIGN" ;
--------------------------------------------------------
--  DDL for Table PARKING
--------------------------------------------------------

  CREATE TABLE "DESIGN"."PARKING" 
   (	"PARKING_SPACE_ID" NUMBER(38,0), 
	"CAR_NUMBER" VARCHAR2(20 BYTE), 
	"START_TIME" TIMESTAMP (6), 
	"END_TIME" TIMESTAMP (6)
   ) SEGMENT CREATION IMMEDIATE 
  PCTFREE 10 PCTUSED 40 INITRANS 1 MAXTRANS 255 
 NOCOMPRESS LOGGING
  STORAGE(INITIAL 65536 NEXT 1048576 MINEXTENTS 1 MAXEXTENTS 2147483645
  PCTINCREASE 0 FREELISTS 1 FREELIST GROUPS 1
  BUFFER_POOL DEFAULT FLASH_CACHE DEFAULT CELL_FLASH_CACHE DEFAULT)
  TABLESPACE "DBDESIGN" ;
--------------------------------------------------------
--  DDL for Table PARK_PLACE
--------------------------------------------------------

  CREATE TABLE "DESIGN"."PARK_PLACE" 
   (	"PARKING_SPACE_ID" NUMBER(38,0) GENERATED BY DEFAULT ON NULL AS IDENTITY MINVALUE 1 MAXVALUE 9999999999999999999999999999 INCREMENT BY 1 START WITH 1 CACHE 20 NOORDER  NOCYCLE  NOKEEP  NOSCALE , 
	"TYPE" VARCHAR2(128 BYTE), 
	"AREA" VARCHAR2(128 BYTE), 
	"STATUS" VARCHAR2(128 BYTE)
   ) SEGMENT CREATION IMMEDIATE 
  PCTFREE 10 PCTUSED 40 INITRANS 1 MAXTRANS 255 
 NOCOMPRESS LOGGING
  STORAGE(INITIAL 65536 NEXT 1048576 MINEXTENTS 1 MAXEXTENTS 2147483645
  PCTINCREASE 0 FREELISTS 1 FREELIST GROUPS 1
  BUFFER_POOL DEFAULT FLASH_CACHE DEFAULT CELL_FLASH_CACHE DEFAULT)
  TABLESPACE "DBDESIGN" ;
--------------------------------------------------------
--  DDL for Table PAY
--------------------------------------------------------

  CREATE TABLE "DESIGN"."PAY" 
   (	"CUSTOMER_ID" NUMBER(38,0), 
	"BILL_ID" NUMBER(38,0), 
	"PAY_WAY" VARCHAR2(128 BYTE), 
	"PAY_TIME" TIMESTAMP (6), 
	"PAY_COUNT" NUMBER(10,2), 
	"STATUS" VARCHAR2(128 BYTE)
   ) SEGMENT CREATION IMMEDIATE 
  PCTFREE 10 PCTUSED 40 INITRANS 1 MAXTRANS 255 
 NOCOMPRESS LOGGING
  STORAGE(INITIAL 65536 NEXT 1048576 MINEXTENTS 1 MAXEXTENTS 2147483645
  PCTINCREASE 0 FREELISTS 1 FREELIST GROUPS 1
  BUFFER_POOL DEFAULT FLASH_CACHE DEFAULT CELL_FLASH_CACHE DEFAULT)
  TABLESPACE "DBDESIGN" ;
--------------------------------------------------------
--  DDL for Table POST
--------------------------------------------------------

  CREATE TABLE "DESIGN"."POST" 
   (	"POST_ID" NUMBER(38,0) GENERATED BY DEFAULT ON NULL AS IDENTITY MINVALUE 1 MAXVALUE 9999999999999999999999999999 INCREMENT BY 1 START WITH 1 CACHE 20 NOORDER  NOCYCLE  NOKEEP  NOSCALE , 
	"POST_NAME" VARCHAR2(30 BYTE), 
	"DEPARTMENT_ID" NUMBER(38,0), 
	"AUTHORITY" VARCHAR2(128 BYTE), 
	"POSITION_LEVEL" VARCHAR2(20 BYTE), 
	"POSITION_SALARY" NUMBER(38,0), 
	"PAYMENT_TYPE" VARCHAR2(128 BYTE), 
	"PAYMENT_BASE" VARCHAR2(128 BYTE), 
	"INSURANCE" VARCHAR2(128 BYTE), 
	"ACCUMULATION_FUNDS" NUMBER(38,0)
   ) SEGMENT CREATION IMMEDIATE 
  PCTFREE 10 PCTUSED 40 INITRANS 1 MAXTRANS 255 
 NOCOMPRESS LOGGING
  STORAGE(INITIAL 65536 NEXT 1048576 MINEXTENTS 1 MAXEXTENTS 2147483645
  PCTINCREASE 0 FREELISTS 1 FREELIST GROUPS 1
  BUFFER_POOL DEFAULT FLASH_CACHE DEFAULT CELL_FLASH_CACHE DEFAULT)
  TABLESPACE "DBDESIGN" ;
--------------------------------------------------------
--  DDL for Table PURCHASE
--------------------------------------------------------

  CREATE TABLE "DESIGN"."PURCHASE" 
   (	"PURCHASE_ID" NUMBER(38,0) GENERATED BY DEFAULT ON NULL AS IDENTITY MINVALUE 1 MAXVALUE 9999999999999999999999999999 INCREMENT BY 1 START WITH 1 CACHE 20 NOORDER  NOCYCLE  NOKEEP  NOSCALE , 
	"GOODS_ID" NUMBER(38,0), 
	"EMPLOYEE_ID" NUMBER(38,0), 
	"SUPPLIER_ID" NUMBER(38,0), 
	"PURCHASE_DATE" DATE, 
	"PURCHASE_QUANTITY" NUMBER(38,0), 
	"UNIT_PRICE" NUMBER(38,0)
   ) SEGMENT CREATION IMMEDIATE 
  PCTFREE 10 PCTUSED 40 INITRANS 1 MAXTRANS 255 
 NOCOMPRESS LOGGING
  STORAGE(INITIAL 65536 NEXT 1048576 MINEXTENTS 1 MAXEXTENTS 2147483645
  PCTINCREASE 0 FREELISTS 1 FREELIST GROUPS 1
  BUFFER_POOL DEFAULT FLASH_CACHE DEFAULT CELL_FLASH_CACHE DEFAULT)
  TABLESPACE "DBDESIGN" ;
--------------------------------------------------------
--  DDL for Table ROOM
--------------------------------------------------------

  CREATE TABLE "DESIGN"."ROOM" 
   (	"ROOM_ID" NUMBER(38,0) GENERATED BY DEFAULT ON NULL AS IDENTITY MINVALUE 1 MAXVALUE 9999999999999999999999999999 INCREMENT BY 1 START WITH 1 CACHE 20 NOORDER  NOCYCLE  NOKEEP  NOSCALE , 
	"TYPE_ID" NUMBER(38,0), 
	"ROOM_NUM" NUMBER(38,0), 
	"ROOM_PHONE" VARCHAR2(20 BYTE), 
	"STATUS" VARCHAR2(30 BYTE)
   ) SEGMENT CREATION IMMEDIATE 
  PCTFREE 10 PCTUSED 40 INITRANS 1 MAXTRANS 255 
 NOCOMPRESS LOGGING
  STORAGE(INITIAL 65536 NEXT 1048576 MINEXTENTS 1 MAXEXTENTS 2147483645
  PCTINCREASE 0 FREELISTS 1 FREELIST GROUPS 1
  BUFFER_POOL DEFAULT FLASH_CACHE DEFAULT CELL_FLASH_CACHE DEFAULT)
  TABLESPACE "DBDESIGN" ;
--------------------------------------------------------
--  DDL for Table ROOMORDER
--------------------------------------------------------

  CREATE TABLE "DESIGN"."ROOMORDER" 
   (	"ORDER_ID" NUMBER(38,0) GENERATED BY DEFAULT ON NULL AS IDENTITY MINVALUE 1 MAXVALUE 9999999999999999999999999999 INCREMENT BY 1 START WITH 1 CACHE 20 NOORDER  NOCYCLE  NOKEEP  NOSCALE , 
	"CUSTOMER_ID" NUMBER(38,0), 
	"TYPE_ID" NUMBER(38,0), 
	"EMP_ID" NUMBER(38,0), 
	"ORDER_STATUS" VARCHAR2(30 BYTE), 
	"CREATE_TIME" TIMESTAMP (6), 
	"NUM" NUMBER(38,0), 
	"EXPECT_IN_TIME" DATE, 
	"EXPECT_OUT_TIME" DATE, 
	"PRICE" NUMBER(10,2), 
	"NOTE" VARCHAR2(128 BYTE)
   ) SEGMENT CREATION IMMEDIATE 
  PCTFREE 10 PCTUSED 40 INITRANS 1 MAXTRANS 255 
 NOCOMPRESS LOGGING
  STORAGE(INITIAL 65536 NEXT 1048576 MINEXTENTS 1 MAXEXTENTS 2147483645
  PCTINCREASE 0 FREELISTS 1 FREELIST GROUPS 1
  BUFFER_POOL DEFAULT FLASH_CACHE DEFAULT CELL_FLASH_CACHE DEFAULT)
  TABLESPACE "DBDESIGN" ;
--------------------------------------------------------
--  DDL for Table ROOMTYPE
--------------------------------------------------------

  CREATE TABLE "DESIGN"."ROOMTYPE" 
   (	"TYPE_ID" NUMBER(38,0) GENERATED BY DEFAULT ON NULL AS IDENTITY MINVALUE 1 MAXVALUE 9999999999999999999999999999 INCREMENT BY 1 START WITH 1 CACHE 20 NOORDER  NOCYCLE  NOKEEP  NOSCALE , 
	"TYPE_NAME" VARCHAR2(30 BYTE), 
	"PRICE" NUMBER(10,2), 
	"NOTE" VARCHAR2(128 BYTE), 
	"REMAINING" NUMBER(38,0)
   ) SEGMENT CREATION IMMEDIATE 
  PCTFREE 10 PCTUSED 40 INITRANS 1 MAXTRANS 255 
 NOCOMPRESS LOGGING
  STORAGE(INITIAL 65536 NEXT 1048576 MINEXTENTS 1 MAXEXTENTS 2147483645
  PCTINCREASE 0 FREELISTS 1 FREELIST GROUPS 1
  BUFFER_POOL DEFAULT FLASH_CACHE DEFAULT CELL_FLASH_CACHE DEFAULT)
  TABLESPACE "DBDESIGN" ;
--------------------------------------------------------
--  DDL for Table SALARY
--------------------------------------------------------

  CREATE TABLE "DESIGN"."SALARY" 
   (	"ASSETS_ID" NUMBER(38,0) GENERATED BY DEFAULT ON NULL AS IDENTITY MINVALUE 1 MAXVALUE 9999999999999999999999999999 INCREMENT BY 1 START WITH 1 CACHE 20 NOORDER  NOCYCLE  NOKEEP  NOSCALE , 
	"EMP_ID" NUMBER(38,0), 
	"YEAR" NUMBER(38,0), 
	"MONTH" NUMBER(38,0), 
	"BONUS" NUMBER(12,2), 
	"HOLIDAY_ALLOWANCE" NUMBER(12,2), 
	"OTHER_ALLOWANCE" NUMBER(12,2), 
	"COMMISSION" NUMBER(12,2), 
	"YEAR_END_BONUS" NUMBER(12,2), 
	"OVERTIME_PAY" NUMBER(12,2), 
	"REWARD_TYPE" VARCHAR2(128 BYTE), 
	"REWARD_AMOUNT" NUMBER(12,2), 
	"LATE_DEDUCTION" NUMBER(12,2), 
	"EARLY_DEPARTURE_DEDUCTION" NUMBER(12,2), 
	"INCOME_TAX" NUMBER(12,2), 
	"SOCIAL_INSURANCE" NUMBER(12,2), 
	"GROSS_SALARY" NUMBER(12,2), 
	"NET_SALARY" NUMBER(12,2)
   ) SEGMENT CREATION IMMEDIATE 
  PCTFREE 10 PCTUSED 40 INITRANS 1 MAXTRANS 255 
 NOCOMPRESS LOGGING
  STORAGE(INITIAL 65536 NEXT 1048576 MINEXTENTS 1 MAXEXTENTS 2147483645
  PCTINCREASE 0 FREELISTS 1 FREELIST GROUPS 1
  BUFFER_POOL DEFAULT FLASH_CACHE DEFAULT CELL_FLASH_CACHE DEFAULT)
  TABLESPACE "DBDESIGN" ;
--------------------------------------------------------
--  DDL for Table SCRAP
--------------------------------------------------------

  CREATE TABLE "DESIGN"."SCRAP" 
   (	"EMP_ID" NUMBER(38,0), 
	"ASSET_ID" NUMBER(38,0), 
	"SCRAP_TIME" TIMESTAMP (6), 
	"SCRAP_REASON" VARCHAR2(128 BYTE)
   ) SEGMENT CREATION IMMEDIATE 
  PCTFREE 10 PCTUSED 40 INITRANS 1 MAXTRANS 255 
 NOCOMPRESS LOGGING
  STORAGE(INITIAL 65536 NEXT 1048576 MINEXTENTS 1 MAXEXTENTS 2147483645
  PCTINCREASE 0 FREELISTS 1 FREELIST GROUPS 1
  BUFFER_POOL DEFAULT FLASH_CACHE DEFAULT CELL_FLASH_CACHE DEFAULT)
  TABLESPACE "DBDESIGN" ;
--------------------------------------------------------
--  DDL for Table SERVICE
--------------------------------------------------------

  CREATE TABLE "DESIGN"."SERVICE" 
   (	"CUSTOMER_ID" NUMBER(38,0), 
	"EMP_ID" NUMBER(38,0), 
	"SERVICE_TIME" TIMESTAMP (6), 
	"SERVICE_TYPE" VARCHAR2(30 BYTE), 
	"RESULT" VARCHAR2(128 BYTE)
   ) SEGMENT CREATION IMMEDIATE 
  PCTFREE 10 PCTUSED 40 INITRANS 1 MAXTRANS 255 
 NOCOMPRESS LOGGING
  STORAGE(INITIAL 65536 NEXT 1048576 MINEXTENTS 1 MAXEXTENTS 2147483645
  PCTINCREASE 0 FREELISTS 1 FREELIST GROUPS 1
  BUFFER_POOL DEFAULT FLASH_CACHE DEFAULT CELL_FLASH_CACHE DEFAULT)
  TABLESPACE "DBDESIGN" ;
--------------------------------------------------------
--  DDL for Table STAGING
--------------------------------------------------------

  CREATE TABLE "DESIGN"."STAGING" 
   (	"LUGGAGE_ID" NUMBER(38,0) GENERATED BY DEFAULT ON NULL AS IDENTITY MINVALUE 1 MAXVALUE 9999999999999999999999999999 INCREMENT BY 1 START WITH 1 CACHE 20 NOORDER  NOCYCLE  NOKEEP  NOSCALE , 
	"CUSTOMER_ID" NUMBER(38,0), 
	"STAGING_TIME" TIMESTAMP (6), 
	"FETCH_TIME" TIMESTAMP (6), 
	"LUGGAGE_TYPE" VARCHAR2(128 BYTE)
   ) SEGMENT CREATION IMMEDIATE 
  PCTFREE 10 PCTUSED 40 INITRANS 1 MAXTRANS 255 
 NOCOMPRESS LOGGING
  STORAGE(INITIAL 65536 NEXT 1048576 MINEXTENTS 1 MAXEXTENTS 2147483645
  PCTINCREASE 0 FREELISTS 1 FREELIST GROUPS 1
  BUFFER_POOL DEFAULT FLASH_CACHE DEFAULT CELL_FLASH_CACHE DEFAULT)
  TABLESPACE "DBDESIGN" ;
--------------------------------------------------------
--  DDL for Table SUPPLIER
--------------------------------------------------------

  CREATE TABLE "DESIGN"."SUPPLIER" 
   (	"SUPPLIER_ID" NUMBER(38,0) GENERATED BY DEFAULT ON NULL AS IDENTITY MINVALUE 1 MAXVALUE 9999999999999999999999999999 INCREMENT BY 1 START WITH 1 CACHE 20 NOORDER  NOCYCLE  NOKEEP  NOSCALE , 
	"SUPPLIER_PHONE" VARCHAR2(20 BYTE), 
	"ADDRESS" VARCHAR2(128 BYTE)
   ) SEGMENT CREATION IMMEDIATE 
  PCTFREE 10 PCTUSED 40 INITRANS 1 MAXTRANS 255 
 NOCOMPRESS LOGGING
  STORAGE(INITIAL 65536 NEXT 1048576 MINEXTENTS 1 MAXEXTENTS 2147483645
  PCTINCREASE 0 FREELISTS 1 FREELIST GROUPS 1
  BUFFER_POOL DEFAULT FLASH_CACHE DEFAULT CELL_FLASH_CACHE DEFAULT)
  TABLESPACE "DBDESIGN" ;
--------------------------------------------------------
--  DDL for Table UNIT_PRICE
--------------------------------------------------------

  CREATE TABLE "DESIGN"."UNIT_PRICE" 
   (	"PARKING_PLACE_TYPE" VARCHAR2(30 BYTE), 
	"MEMBER_PRICE" NUMBER(10,2), 
	"NOT_MEMBER_PRICE" NUMBER(10,2)
   ) SEGMENT CREATION IMMEDIATE 
  PCTFREE 10 PCTUSED 40 INITRANS 1 MAXTRANS 255 
 NOCOMPRESS LOGGING
  STORAGE(INITIAL 65536 NEXT 1048576 MINEXTENTS 1 MAXEXTENTS 2147483645
  PCTINCREASE 0 FREELISTS 1 FREELIST GROUPS 1
  BUFFER_POOL DEFAULT FLASH_CACHE DEFAULT CELL_FLASH_CACHE DEFAULT)
  TABLESPACE "DBDESIGN" ;
--------------------------------------------------------
--  DDL for Table __EFMigrationsHistory
--------------------------------------------------------

  CREATE TABLE "DESIGN"."__EFMigrationsHistory" 
   (	"MigrationId" NVARCHAR2(150), 
	"ProductVersion" NVARCHAR2(32)
   ) SEGMENT CREATION IMMEDIATE 
  PCTFREE 10 PCTUSED 40 INITRANS 1 MAXTRANS 255 
 NOCOMPRESS LOGGING
  STORAGE(INITIAL 65536 NEXT 1048576 MINEXTENTS 1 MAXEXTENTS 2147483645
  PCTINCREASE 0 FREELISTS 1 FREELIST GROUPS 1
  BUFFER_POOL DEFAULT FLASH_CACHE DEFAULT CELL_FLASH_CACHE DEFAULT)
  TABLESPACE "DBDESIGN" ;
REM INSERTING into DESIGN.ACCOUNTING_SUBJECTS
SET DEFINE OFF;
Insert into DESIGN.ACCOUNTING_SUBJECTS (ACCOUNT_SUBJECT_ID,EMP_ID,CATEGORY,DEBIT,CREDIT,AMOUNT) values (1,1,'资产类','0','0',10000);
REM INSERTING into DESIGN.APPLICATION
SET DEFINE OFF;
Insert into DESIGN.APPLICATION (APPLICATION_ID,APPLICATION_TIME,APPLICATION_TYPE,APPLICATION_CONTENT,IF_APPROVE,EMPLOYEE_ID) values (1,to_date('25-7月 -23','DD-MON-RR'),'请假一天','因家庭原因需要请假一天','是',1);
Insert into DESIGN.APPLICATION (APPLICATION_ID,APPLICATION_TIME,APPLICATION_TYPE,APPLICATION_CONTENT,IF_APPROVE,EMPLOYEE_ID) values (2,to_date('26-7月 -23','DD-MON-RR'),'请假半天','上午有事情，下午需要请假','是',1);
Insert into DESIGN.APPLICATION (APPLICATION_ID,APPLICATION_TIME,APPLICATION_TYPE,APPLICATION_CONTENT,IF_APPROVE,EMPLOYEE_ID) values (3,to_date('02-8月 -23','DD-MON-RR'),'调休','希望将本周六的加班调休到下周','是',1);
Insert into DESIGN.APPLICATION (APPLICATION_ID,APPLICATION_TIME,APPLICATION_TYPE,APPLICATION_CONTENT,IF_APPROVE,EMPLOYEE_ID) values (4,to_date('08-8月 -23','DD-MON-RR'),'请假半天','下午身体不适，需要请假','是',1);
Insert into DESIGN.APPLICATION (APPLICATION_ID,APPLICATION_TIME,APPLICATION_TYPE,APPLICATION_CONTENT,IF_APPROVE,EMPLOYEE_ID) values (5,to_date('15-8月 -23','DD-MON-RR'),'请假一天','明天有紧急家庭事务，请求请假','是',1);
Insert into DESIGN.APPLICATION (APPLICATION_ID,APPLICATION_TIME,APPLICATION_TYPE,APPLICATION_CONTENT,IF_APPROVE,EMPLOYEE_ID) values (6,to_date('22-8月 -23','DD-MON-RR'),'调休','因上周末加班，希望调休到本周','是',1);
Insert into DESIGN.APPLICATION (APPLICATION_ID,APPLICATION_TIME,APPLICATION_TYPE,APPLICATION_CONTENT,IF_APPROVE,EMPLOYEE_ID) values (7,to_date('01-9月 -23','DD-MON-RR'),'请假一天','感冒发烧，不适于工作，请求请假','是',1);
Insert into DESIGN.APPLICATION (APPLICATION_ID,APPLICATION_TIME,APPLICATION_TYPE,APPLICATION_CONTENT,IF_APPROVE,EMPLOYEE_ID) values (8,to_date('10-9月 -23','DD-MON-RR'),'请假半天','上午有个重要会议，下午需要请假','是',1);
Insert into DESIGN.APPLICATION (APPLICATION_ID,APPLICATION_TIME,APPLICATION_TYPE,APPLICATION_CONTENT,IF_APPROVE,EMPLOYEE_ID) values (9,to_date('18-9月 -23','DD-MON-RR'),'调休','希望将加班调休到下周一','是',1);
Insert into DESIGN.APPLICATION (APPLICATION_ID,APPLICATION_TIME,APPLICATION_TYPE,APPLICATION_CONTENT,IF_APPROVE,EMPLOYEE_ID) values (10,to_date('25-9月 -23','DD-MON-RR'),'请假一天','明天有个紧急项目需要处理，请求请假','是',1);
REM INSERTING into DESIGN.ASSETS_INFORMATION
SET DEFINE OFF;
Insert into DESIGN.ASSETS_INFORMATION (ASSET_ID,ACCOUNT_SUBJECT_ID,ASSETS_NAME,ASSETS_CATEGORY,LOCATION_ID,REGISTRATION_TIME,ORIGINAL_ASSETS_AMOUNT,VALID) values (1,1,'床','房间设施',1,to_timestamp('22-6月 -23 06.05.33.795000000 上午','DD-MON-RR HH.MI.SSXFF AM'),null,'报废');
Insert into DESIGN.ASSETS_INFORMATION (ASSET_ID,ACCOUNT_SUBJECT_ID,ASSETS_NAME,ASSETS_CATEGORY,LOCATION_ID,REGISTRATION_TIME,ORIGINAL_ASSETS_AMOUNT,VALID) values (2,1,'空调冷凝管','房间设施',1,to_timestamp('22-6月 -23 06.05.33.795000000 上午','DD-MON-RR HH.MI.SSXFF AM'),null,'损坏');
Insert into DESIGN.ASSETS_INFORMATION (ASSET_ID,ACCOUNT_SUBJECT_ID,ASSETS_NAME,ASSETS_CATEGORY,LOCATION_ID,REGISTRATION_TIME,ORIGINAL_ASSETS_AMOUNT,VALID) values (3,1,'台灯','房间设施',1,to_timestamp('22-6月 -23 06.05.33.795000000 上午','DD-MON-RR HH.MI.SSXFF AM'),null,'正常');
Insert into DESIGN.ASSETS_INFORMATION (ASSET_ID,ACCOUNT_SUBJECT_ID,ASSETS_NAME,ASSETS_CATEGORY,LOCATION_ID,REGISTRATION_TIME,ORIGINAL_ASSETS_AMOUNT,VALID) values (4,1,'液晶电视','房间设施',1,to_timestamp('22-6月 -23 06.05.33.795000000 上午','DD-MON-RR HH.MI.SSXFF AM'),null,'正常');
REM INSERTING into DESIGN.ASSETS_SUMMARIZE
SET DEFINE OFF;
Insert into DESIGN.ASSETS_SUMMARIZE (ASSET_ID,ACCOUNT_SUBJECT_ID,ASSETS_AMOUNT,ASSETS_DEPRECIATION,ASSET_PRESENT_VALUE,RESPONS_PERSON_ID) values (1,1,4,23,4136,1);
REM INSERTING into DESIGN.ASSIGNMENT
SET DEFINE OFF;
Insert into DESIGN.ASSIGNMENT (ASSIGNMENT_ID,DEPARTMENT_ID,ASSIGNMENT_NAME,ASSIGNMENT_NOTE) values (1,1,'管理人员培训','培训');
Insert into DESIGN.ASSIGNMENT (ASSIGNMENT_ID,DEPARTMENT_ID,ASSIGNMENT_NAME,ASSIGNMENT_NOTE) values (2,2,'一日三餐保障','为客人提供餐食，需要保证食品安全并且风格多样，各大菜系均需提供');
Insert into DESIGN.ASSIGNMENT (ASSIGNMENT_ID,DEPARTMENT_ID,ASSIGNMENT_NAME,ASSIGNMENT_NOTE) values (3,3,'工资派发','通过员工的出勤情况等计算员工工资并派发');
Insert into DESIGN.ASSIGNMENT (ASSIGNMENT_ID,DEPARTMENT_ID,ASSIGNMENT_NAME,ASSIGNMENT_NOTE) values (4,3,'账务核算','必须保证财务不会出现问题，并在需要时配合审计人员工作');
Insert into DESIGN.ASSIGNMENT (ASSIGNMENT_ID,DEPARTMENT_ID,ASSIGNMENT_NAME,ASSIGNMENT_NOTE) values (5,4,'招人','招一个前台服务员和一个保洁阿姨');
Insert into DESIGN.ASSIGNMENT (ASSIGNMENT_ID,DEPARTMENT_ID,ASSIGNMENT_NAME,ASSIGNMENT_NOTE) values (6,5,'接待','今晚有一个公司团建，共计20人，注意接待');
Insert into DESIGN.ASSIGNMENT (ASSIGNMENT_ID,DEPARTMENT_ID,ASSIGNMENT_NAME,ASSIGNMENT_NOTE) values (7,5,'维修','308房间桌子需要维修');
Insert into DESIGN.ASSIGNMENT (ASSIGNMENT_ID,DEPARTMENT_ID,ASSIGNMENT_NAME,ASSIGNMENT_NOTE) values (8,5,'清洁','12点之前完成各房间的清洁工作');
REM INSERTING into DESIGN.ATTENDANCE_INFORMATION
SET DEFINE OFF;
Insert into DESIGN.ATTENDANCE_INFORMATION (ATTENDANCE_ID,EMP_ID,YEAR,MONTH,EXPECT_ATTENDANCE_DAYS,ACTUAL_ATTENDANCE_DAYS,PERSONAL_LEAVE_DAYS,SICK_LEAVE_DAYS,LATE_DAYS,EARLY_DEPARTURE_DAYS,ABSENT_DAYS) values (1,1,2023,8,31,31,0,0,0,0,0);
Insert into DESIGN.ATTENDANCE_INFORMATION (ATTENDANCE_ID,EMP_ID,YEAR,MONTH,EXPECT_ATTENDANCE_DAYS,ACTUAL_ATTENDANCE_DAYS,PERSONAL_LEAVE_DAYS,SICK_LEAVE_DAYS,LATE_DAYS,EARLY_DEPARTURE_DAYS,ABSENT_DAYS) values (2,2,2023,8,31,31,0,0,0,0,0);
Insert into DESIGN.ATTENDANCE_INFORMATION (ATTENDANCE_ID,EMP_ID,YEAR,MONTH,EXPECT_ATTENDANCE_DAYS,ACTUAL_ATTENDANCE_DAYS,PERSONAL_LEAVE_DAYS,SICK_LEAVE_DAYS,LATE_DAYS,EARLY_DEPARTURE_DAYS,ABSENT_DAYS) values (3,3,2023,8,31,31,0,0,0,0,0);
Insert into DESIGN.ATTENDANCE_INFORMATION (ATTENDANCE_ID,EMP_ID,YEAR,MONTH,EXPECT_ATTENDANCE_DAYS,ACTUAL_ATTENDANCE_DAYS,PERSONAL_LEAVE_DAYS,SICK_LEAVE_DAYS,LATE_DAYS,EARLY_DEPARTURE_DAYS,ABSENT_DAYS) values (4,4,2023,8,31,31,0,0,0,0,0);
Insert into DESIGN.ATTENDANCE_INFORMATION (ATTENDANCE_ID,EMP_ID,YEAR,MONTH,EXPECT_ATTENDANCE_DAYS,ACTUAL_ATTENDANCE_DAYS,PERSONAL_LEAVE_DAYS,SICK_LEAVE_DAYS,LATE_DAYS,EARLY_DEPARTURE_DAYS,ABSENT_DAYS) values (5,5,2023,8,31,31,0,0,0,0,0);
Insert into DESIGN.ATTENDANCE_INFORMATION (ATTENDANCE_ID,EMP_ID,YEAR,MONTH,EXPECT_ATTENDANCE_DAYS,ACTUAL_ATTENDANCE_DAYS,PERSONAL_LEAVE_DAYS,SICK_LEAVE_DAYS,LATE_DAYS,EARLY_DEPARTURE_DAYS,ABSENT_DAYS) values (6,6,2023,8,31,31,0,0,0,0,0);
Insert into DESIGN.ATTENDANCE_INFORMATION (ATTENDANCE_ID,EMP_ID,YEAR,MONTH,EXPECT_ATTENDANCE_DAYS,ACTUAL_ATTENDANCE_DAYS,PERSONAL_LEAVE_DAYS,SICK_LEAVE_DAYS,LATE_DAYS,EARLY_DEPARTURE_DAYS,ABSENT_DAYS) values (7,7,2023,8,31,31,0,0,0,0,0);
Insert into DESIGN.ATTENDANCE_INFORMATION (ATTENDANCE_ID,EMP_ID,YEAR,MONTH,EXPECT_ATTENDANCE_DAYS,ACTUAL_ATTENDANCE_DAYS,PERSONAL_LEAVE_DAYS,SICK_LEAVE_DAYS,LATE_DAYS,EARLY_DEPARTURE_DAYS,ABSENT_DAYS) values (8,8,2023,8,31,31,0,0,0,0,0);
Insert into DESIGN.ATTENDANCE_INFORMATION (ATTENDANCE_ID,EMP_ID,YEAR,MONTH,EXPECT_ATTENDANCE_DAYS,ACTUAL_ATTENDANCE_DAYS,PERSONAL_LEAVE_DAYS,SICK_LEAVE_DAYS,LATE_DAYS,EARLY_DEPARTURE_DAYS,ABSENT_DAYS) values (9,9,2023,8,31,31,0,0,0,0,0);
REM INSERTING into DESIGN.BILL
SET DEFINE OFF;
Insert into DESIGN.BILL (BILL_ID,ROOM_COST,FOOD_COST,OTHER_COST,BILL_TYPE,INVOICE_NUMBER) values (1,200,0,0,'住宿费','237020971210');
Insert into DESIGN.BILL (BILL_ID,ROOM_COST,FOOD_COST,OTHER_COST,BILL_TYPE,INVOICE_NUMBER) values (2,280,120,50,'住宿费','202308179301');
Insert into DESIGN.BILL (BILL_ID,ROOM_COST,FOOD_COST,OTHER_COST,BILL_TYPE,INVOICE_NUMBER) values (3,350,60,20,'住宿费','202309032034');
Insert into DESIGN.BILL (BILL_ID,ROOM_COST,FOOD_COST,OTHER_COST,BILL_TYPE,INVOICE_NUMBER) values (4,220,80,30,'住宿费','202309080245');
Insert into DESIGN.BILL (BILL_ID,ROOM_COST,FOOD_COST,OTHER_COST,BILL_TYPE,INVOICE_NUMBER) values (5,180,50,10,'住宿费','202309134568');
Insert into DESIGN.BILL (BILL_ID,ROOM_COST,FOOD_COST,OTHER_COST,BILL_TYPE,INVOICE_NUMBER) values (6,300,100,40,'住宿费','202309232947');
Insert into DESIGN.BILL (BILL_ID,ROOM_COST,FOOD_COST,OTHER_COST,BILL_TYPE,INVOICE_NUMBER) values (7,250,70,15,'住宿费','202309312583');
Insert into DESIGN.BILL (BILL_ID,ROOM_COST,FOOD_COST,OTHER_COST,BILL_TYPE,INVOICE_NUMBER) values (8,280,110,25,'住宿费','202310082936');
Insert into DESIGN.BILL (BILL_ID,ROOM_COST,FOOD_COST,OTHER_COST,BILL_TYPE,INVOICE_NUMBER) values (9,320,90,20,'住宿费','202310155728');
Insert into DESIGN.BILL (BILL_ID,ROOM_COST,FOOD_COST,OTHER_COST,BILL_TYPE,INVOICE_NUMBER) values (10,200,60,10,'住宿费','202310222476');
Insert into DESIGN.BILL (BILL_ID,ROOM_COST,FOOD_COST,OTHER_COST,BILL_TYPE,INVOICE_NUMBER) values (11,240,80,30,'住宿费','202310301549');
Insert into DESIGN.BILL (BILL_ID,ROOM_COST,FOOD_COST,OTHER_COST,BILL_TYPE,INVOICE_NUMBER) values (12,160,40,5,'住宿费','202311083028');
Insert into DESIGN.BILL (BILL_ID,ROOM_COST,FOOD_COST,OTHER_COST,BILL_TYPE,INVOICE_NUMBER) values (13,280,120,50,'餐饮费','202311157893');
Insert into DESIGN.BILL (BILL_ID,ROOM_COST,FOOD_COST,OTHER_COST,BILL_TYPE,INVOICE_NUMBER) values (14,350,60,20,'餐饮费','202311230129');
Insert into DESIGN.BILL (BILL_ID,ROOM_COST,FOOD_COST,OTHER_COST,BILL_TYPE,INVOICE_NUMBER) values (15,220,80,30,'餐饮费','202311318705');
Insert into DESIGN.BILL (BILL_ID,ROOM_COST,FOOD_COST,OTHER_COST,BILL_TYPE,INVOICE_NUMBER) values (16,180,50,10,'餐饮费','202312081274');
Insert into DESIGN.BILL (BILL_ID,ROOM_COST,FOOD_COST,OTHER_COST,BILL_TYPE,INVOICE_NUMBER) values (17,300,100,40,'餐饮费','202312152835');
Insert into DESIGN.BILL (BILL_ID,ROOM_COST,FOOD_COST,OTHER_COST,BILL_TYPE,INVOICE_NUMBER) values (18,250,70,15,'餐饮费','202312228901');
Insert into DESIGN.BILL (BILL_ID,ROOM_COST,FOOD_COST,OTHER_COST,BILL_TYPE,INVOICE_NUMBER) values (19,280,110,25,'餐饮费','202401059432');
Insert into DESIGN.BILL (BILL_ID,ROOM_COST,FOOD_COST,OTHER_COST,BILL_TYPE,INVOICE_NUMBER) values (20,320,90,20,'餐饮费','202401124390');
Insert into DESIGN.BILL (BILL_ID,ROOM_COST,FOOD_COST,OTHER_COST,BILL_TYPE,INVOICE_NUMBER) values (21,200,60,10,'餐饮费','202401207582');
Insert into DESIGN.BILL (BILL_ID,ROOM_COST,FOOD_COST,OTHER_COST,BILL_TYPE,INVOICE_NUMBER) values (22,240,80,30,'餐饮费','202401301257');
Insert into DESIGN.BILL (BILL_ID,ROOM_COST,FOOD_COST,OTHER_COST,BILL_TYPE,INVOICE_NUMBER) values (23,160,40,5,'餐饮费','202402083274');
Insert into DESIGN.BILL (BILL_ID,ROOM_COST,FOOD_COST,OTHER_COST,BILL_TYPE,INVOICE_NUMBER) values (24,280,120,50,'其他费用','202402158093');
Insert into DESIGN.BILL (BILL_ID,ROOM_COST,FOOD_COST,OTHER_COST,BILL_TYPE,INVOICE_NUMBER) values (25,350,60,20,'其他费用','202402232194');
Insert into DESIGN.BILL (BILL_ID,ROOM_COST,FOOD_COST,OTHER_COST,BILL_TYPE,INVOICE_NUMBER) values (26,220,80,30,'其他费用','202402311380');
Insert into DESIGN.BILL (BILL_ID,ROOM_COST,FOOD_COST,OTHER_COST,BILL_TYPE,INVOICE_NUMBER) values (27,180,50,10,'其他费用','202403083520');
Insert into DESIGN.BILL (BILL_ID,ROOM_COST,FOOD_COST,OTHER_COST,BILL_TYPE,INVOICE_NUMBER) values (28,300,100,40,'其他费用','202403153952');
Insert into DESIGN.BILL (BILL_ID,ROOM_COST,FOOD_COST,OTHER_COST,BILL_TYPE,INVOICE_NUMBER) values (29,250,70,15,'其他费用','202403229138');
Insert into DESIGN.BILL (BILL_ID,ROOM_COST,FOOD_COST,OTHER_COST,BILL_TYPE,INVOICE_NUMBER) values (30,280,110,25,'其他费用','202404082793');
Insert into DESIGN.BILL (BILL_ID,ROOM_COST,FOOD_COST,OTHER_COST,BILL_TYPE,INVOICE_NUMBER) values (31,320,90,20,'其他费用','202404151945');
Insert into DESIGN.BILL (BILL_ID,ROOM_COST,FOOD_COST,OTHER_COST,BILL_TYPE,INVOICE_NUMBER) values (32,200,60,10,'其他费用','202404228579');
Insert into DESIGN.BILL (BILL_ID,ROOM_COST,FOOD_COST,OTHER_COST,BILL_TYPE,INVOICE_NUMBER) values (33,240,80,30,'其他费用','202404307183');
Insert into DESIGN.BILL (BILL_ID,ROOM_COST,FOOD_COST,OTHER_COST,BILL_TYPE,INVOICE_NUMBER) values (34,160,40,5,'其他费用','202405083849');
REM INSERTING into DESIGN.BOOK
SET DEFINE OFF;
Insert into DESIGN.BOOK (TABLE_ID,CUSTOMER_ID,BOOK_TIME,NUM,BOOK_STATUS,SPECIAL_DEMAND,NOTE) values (1,1,to_timestamp('15-1月 -23 12.30.00.000000000 下午','DD-MON-RR HH.MI.SSXFF AM'),10,'预定成功','素食','客户要求素食菜单');
Insert into DESIGN.BOOK (TABLE_ID,CUSTOMER_ID,BOOK_TIME,NUM,BOOK_STATUS,SPECIAL_DEMAND,NOTE) values (2,2,to_timestamp('10-9月 -22 06.45.00.000000000 下午','DD-MON-RR HH.MI.SSXFF AM'),9,'预定成功',null,null);
Insert into DESIGN.BOOK (TABLE_ID,CUSTOMER_ID,BOOK_TIME,NUM,BOOK_STATUS,SPECIAL_DEMAND,NOTE) values (3,3,to_timestamp('20-3月 -23 08.00.00.000000000 下午','DD-MON-RR HH.MI.SSXFF AM'),6,'预定成功','无辣',null);
Insert into DESIGN.BOOK (TABLE_ID,CUSTOMER_ID,BOOK_TIME,NUM,BOOK_STATUS,SPECIAL_DEMAND,NOTE) values (4,4,to_timestamp('08-5月 -23 02.15.00.000000000 下午','DD-MON-RR HH.MI.SSXFF AM'),4,'预定成功',null,'靠窗');
Insert into DESIGN.BOOK (TABLE_ID,CUSTOMER_ID,BOOK_TIME,NUM,BOOK_STATUS,SPECIAL_DEMAND,NOTE) values (5,5,to_timestamp('01-7月 -23 07.30.00.000000000 下午','DD-MON-RR HH.MI.SSXFF AM'),2,'预定成功','素食',null);
Insert into DESIGN.BOOK (TABLE_ID,CUSTOMER_ID,BOOK_TIME,NUM,BOOK_STATUS,SPECIAL_DEMAND,NOTE) values (6,6,to_timestamp('18-11月-22 09.00.00.000000000 下午','DD-MON-RR HH.MI.SSXFF AM'),10,'预定成功',null,null);
Insert into DESIGN.BOOK (TABLE_ID,CUSTOMER_ID,BOOK_TIME,NUM,BOOK_STATUS,SPECIAL_DEMAND,NOTE) values (7,7,to_timestamp('10-12月-22 05.45.00.000000000 下午','DD-MON-RR HH.MI.SSXFF AM'),5,'预定成功','生日蛋糕',null);
Insert into DESIGN.BOOK (TABLE_ID,CUSTOMER_ID,BOOK_TIME,NUM,BOOK_STATUS,SPECIAL_DEMAND,NOTE) values (8,8,to_timestamp('25-4月 -23 01.30.00.000000000 下午','DD-MON-RR HH.MI.SSXFF AM'),4,'预定成功',null,null);
Insert into DESIGN.BOOK (TABLE_ID,CUSTOMER_ID,BOOK_TIME,NUM,BOOK_STATUS,SPECIAL_DEMAND,NOTE) values (9,9,to_timestamp('02-1月 -23 07.00.00.000000000 下午','DD-MON-RR HH.MI.SSXFF AM'),2,'预定成功','海鲜过敏',null);
Insert into DESIGN.BOOK (TABLE_ID,CUSTOMER_ID,BOOK_TIME,NUM,BOOK_STATUS,SPECIAL_DEMAND,NOTE) values (10,10,to_timestamp('12-7月 -23 02.00.00.000000000 下午','DD-MON-RR HH.MI.SSXFF AM'),10,'预定成功',null,'靠窗');
Insert into DESIGN.BOOK (TABLE_ID,CUSTOMER_ID,BOOK_TIME,NUM,BOOK_STATUS,SPECIAL_DEMAND,NOTE) values (11,11,to_timestamp('30-9月 -22 06.30.00.000000000 下午','DD-MON-RR HH.MI.SSXFF AM'),6,'预定成功','无葱',null);
Insert into DESIGN.BOOK (TABLE_ID,CUSTOMER_ID,BOOK_TIME,NUM,BOOK_STATUS,SPECIAL_DEMAND,NOTE) values (12,12,to_timestamp('05-3月 -23 08.15.00.000000000 下午','DD-MON-RR HH.MI.SSXFF AM'),4,'预定成功',null,null);
Insert into DESIGN.BOOK (TABLE_ID,CUSTOMER_ID,BOOK_TIME,NUM,BOOK_STATUS,SPECIAL_DEMAND,NOTE) values (13,13,to_timestamp('23-5月 -23 12.00.00.000000000 下午','DD-MON-RR HH.MI.SSXFF AM'),2,'预定成功',null,'靠窗');
Insert into DESIGN.BOOK (TABLE_ID,CUSTOMER_ID,BOOK_TIME,NUM,BOOK_STATUS,SPECIAL_DEMAND,NOTE) values (14,14,to_timestamp('08-11月-22 07.30.00.000000000 下午','DD-MON-RR HH.MI.SSXFF AM'),10,'预定成功','素食',null);
Insert into DESIGN.BOOK (TABLE_ID,CUSTOMER_ID,BOOK_TIME,NUM,BOOK_STATUS,SPECIAL_DEMAND,NOTE) values (15,15,to_timestamp('18-2月 -23 05.45.00.000000000 下午','DD-MON-RR HH.MI.SSXFF AM'),5,'预定成功',null,null);
Insert into DESIGN.BOOK (TABLE_ID,CUSTOMER_ID,BOOK_TIME,NUM,BOOK_STATUS,SPECIAL_DEMAND,NOTE) values (16,16,to_timestamp('15-6月 -23 02.30.00.000000000 下午','DD-MON-RR HH.MI.SSXFF AM'),4,'预定失败','无辣','客户要求不要辣椒');
Insert into DESIGN.BOOK (TABLE_ID,CUSTOMER_ID,BOOK_TIME,NUM,BOOK_STATUS,SPECIAL_DEMAND,NOTE) values (6,24,to_timestamp('12-9月 -23 06.30.00.000000000 下午','DD-MON-RR HH.MI.SSXFF AM'),2,'预订成功','素食','客户需要素食菜单');
Insert into DESIGN.BOOK (TABLE_ID,CUSTOMER_ID,BOOK_TIME,NUM,BOOK_STATUS,SPECIAL_DEMAND,NOTE) values (12,41,to_timestamp('15-9月 -23 08.00.00.000000000 下午','DD-MON-RR HH.MI.SSXFF AM'),4,'预定成功','无海鲜','客户对海鲜过敏');
Insert into DESIGN.BOOK (TABLE_ID,CUSTOMER_ID,BOOK_TIME,NUM,BOOK_STATUS,SPECIAL_DEMAND,NOTE) values (1,33,to_timestamp('18-9月 -23 07.15.00.000000000 下午','DD-MON-RR HH.MI.SSXFF AM'),10,'预定成功','无鸡肉','客户不吃鸡肉');
Insert into DESIGN.BOOK (TABLE_ID,CUSTOMER_ID,BOOK_TIME,NUM,BOOK_STATUS,SPECIAL_DEMAND,NOTE) values (9,29,to_timestamp('21-9月 -23 05.45.00.000000000 下午','DD-MON-RR HH.MI.SSXFF AM'),2,'预定失败','无花生','客户过敏');
Insert into DESIGN.BOOK (TABLE_ID,CUSTOMER_ID,BOOK_TIME,NUM,BOOK_STATUS,SPECIAL_DEMAND,NOTE) values (16,47,to_timestamp('24-9月 -23 12.30.00.000000000 下午','DD-MON-RR HH.MI.SSXFF AM'),4,'预定成功','无辣','客户不吃辣');
Insert into DESIGN.BOOK (TABLE_ID,CUSTOMER_ID,BOOK_TIME,NUM,BOOK_STATUS,SPECIAL_DEMAND,NOTE) values (4,22,to_timestamp('27-9月 -23 02.00.00.000000000 下午','DD-MON-RR HH.MI.SSXFF AM'),6,'预定成功','无葱蒜','客户忌口');
Insert into DESIGN.BOOK (TABLE_ID,CUSTOMER_ID,BOOK_TIME,NUM,BOOK_STATUS,SPECIAL_DEMAND,NOTE) values (7,36,to_timestamp('13-9月 -23 07.45.00.000000000 下午','DD-MON-RR HH.MI.SSXFF AM'),6,'预定成功','无乳制品','客户乳糖不耐受');
Insert into DESIGN.BOOK (TABLE_ID,CUSTOMER_ID,BOOK_TIME,NUM,BOOK_STATUS,SPECIAL_DEMAND,NOTE) values (14,17,to_timestamp('16-9月 -23 09.30.00.000000000 下午','DD-MON-RR HH.MI.SSXFF AM'),10,'预定成功','无坚果','客户过敏');
Insert into DESIGN.BOOK (TABLE_ID,CUSTOMER_ID,BOOK_TIME,NUM,BOOK_STATUS,SPECIAL_DEMAND,NOTE) values (10,44,to_timestamp('19-9月 -23 01.15.00.000000000 下午','DD-MON-RR HH.MI.SSXFF AM'),10,'预定成功','无鱼类','客户不吃鱼');
Insert into DESIGN.BOOK (TABLE_ID,CUSTOMER_ID,BOOK_TIME,NUM,BOOK_STATUS,SPECIAL_DEMAND,NOTE) values (3,26,to_timestamp('22-9月 -23 03.00.00.000000000 下午','DD-MON-RR HH.MI.SSXFF AM'),6,'预定成功','无辣','客户不吃辣');
REM INSERTING into DESIGN.CAR
SET DEFINE OFF;
Insert into DESIGN.CAR (CAR_NUMBER,CUSTOMER_ID) values ('沪A12345',1);
Insert into DESIGN.CAR (CAR_NUMBER,CUSTOMER_ID) values ('浙B67890',2);
Insert into DESIGN.CAR (CAR_NUMBER,CUSTOMER_ID) values ('沪C24680',3);
Insert into DESIGN.CAR (CAR_NUMBER,CUSTOMER_ID) values ('浙D13579',4);
Insert into DESIGN.CAR (CAR_NUMBER,CUSTOMER_ID) values ('沪E97531',5);
Insert into DESIGN.CAR (CAR_NUMBER,CUSTOMER_ID) values ('浙F86420',6);
Insert into DESIGN.CAR (CAR_NUMBER,CUSTOMER_ID) values ('沪G64280',7);
Insert into DESIGN.CAR (CAR_NUMBER,CUSTOMER_ID) values ('浙H75319',8);
Insert into DESIGN.CAR (CAR_NUMBER,CUSTOMER_ID) values ('沪J81357',9);
Insert into DESIGN.CAR (CAR_NUMBER,CUSTOMER_ID) values ('浙K92546',10);
Insert into DESIGN.CAR (CAR_NUMBER,CUSTOMER_ID) values ('沪L63584',11);
Insert into DESIGN.CAR (CAR_NUMBER,CUSTOMER_ID) values ('浙M24768',12);
Insert into DESIGN.CAR (CAR_NUMBER,CUSTOMER_ID) values ('沪N87623',13);
Insert into DESIGN.CAR (CAR_NUMBER,CUSTOMER_ID) values ('浙P43829',14);
Insert into DESIGN.CAR (CAR_NUMBER,CUSTOMER_ID) values ('沪R75234',15);
Insert into DESIGN.CAR (CAR_NUMBER,CUSTOMER_ID) values ('沪C 85LM3',16);
REM INSERTING into DESIGN.CHECKIN
SET DEFINE OFF;
Insert into DESIGN.CHECKIN (CUSTOMER_ID,ROOM_ID,IN_TIME,OUT_TIME) values (26,1,to_timestamp('15-6月 -23 12.00.00.000000000 下午','DD-MON-RR HH.MI.SSXFF AM'),to_timestamp('16-6月 -23 12.00.00.000000000 下午','DD-MON-RR HH.MI.SSXFF AM'));
Insert into DESIGN.CHECKIN (CUSTOMER_ID,ROOM_ID,IN_TIME,OUT_TIME) values (38,2,to_timestamp('20-6月 -23 12.00.00.000000000 下午','DD-MON-RR HH.MI.SSXFF AM'),to_timestamp('22-6月 -23 12.00.00.000000000 下午','DD-MON-RR HH.MI.SSXFF AM'));
Insert into DESIGN.CHECKIN (CUSTOMER_ID,ROOM_ID,IN_TIME,OUT_TIME) values (19,3,to_timestamp('25-6月 -23 12.00.00.000000000 下午','DD-MON-RR HH.MI.SSXFF AM'),to_timestamp('27-6月 -23 12.00.00.000000000 下午','DD-MON-RR HH.MI.SSXFF AM'));
Insert into DESIGN.CHECKIN (CUSTOMER_ID,ROOM_ID,IN_TIME,OUT_TIME) values (5,4,to_timestamp('01-7月 -23 12.00.00.000000000 下午','DD-MON-RR HH.MI.SSXFF AM'),to_timestamp('04-7月 -23 12.00.00.000000000 下午','DD-MON-RR HH.MI.SSXFF AM'));
Insert into DESIGN.CHECKIN (CUSTOMER_ID,ROOM_ID,IN_TIME,OUT_TIME) values (31,5,to_timestamp('06-7月 -23 12.00.00.000000000 下午','DD-MON-RR HH.MI.SSXFF AM'),to_timestamp('09-7月 -23 12.00.00.000000000 下午','DD-MON-RR HH.MI.SSXFF AM'));
Insert into DESIGN.CHECKIN (CUSTOMER_ID,ROOM_ID,IN_TIME,OUT_TIME) values (13,6,to_timestamp('10-7月 -23 12.00.00.000000000 下午','DD-MON-RR HH.MI.SSXFF AM'),to_timestamp('13-7月 -23 12.00.00.000000000 下午','DD-MON-RR HH.MI.SSXFF AM'));
Insert into DESIGN.CHECKIN (CUSTOMER_ID,ROOM_ID,IN_TIME,OUT_TIME) values (42,7,to_timestamp('15-7月 -23 12.00.00.000000000 下午','DD-MON-RR HH.MI.SSXFF AM'),to_timestamp('18-7月 -23 12.00.00.000000000 下午','DD-MON-RR HH.MI.SSXFF AM'));
Insert into DESIGN.CHECKIN (CUSTOMER_ID,ROOM_ID,IN_TIME,OUT_TIME) values (7,8,to_timestamp('20-7月 -23 12.00.00.000000000 下午','DD-MON-RR HH.MI.SSXFF AM'),to_timestamp('23-7月 -23 12.00.00.000000000 下午','DD-MON-RR HH.MI.SSXFF AM'));
Insert into DESIGN.CHECKIN (CUSTOMER_ID,ROOM_ID,IN_TIME,OUT_TIME) values (23,9,to_timestamp('24-7月 -23 12.00.00.000000000 下午','DD-MON-RR HH.MI.SSXFF AM'),to_timestamp('27-7月 -23 12.00.00.000000000 下午','DD-MON-RR HH.MI.SSXFF AM'));
Insert into DESIGN.CHECKIN (CUSTOMER_ID,ROOM_ID,IN_TIME,OUT_TIME) values (1,10,to_timestamp('28-7月 -23 12.00.00.000000000 下午','DD-MON-RR HH.MI.SSXFF AM'),to_timestamp('31-7月 -23 12.00.00.000000000 下午','DD-MON-RR HH.MI.SSXFF AM'));
Insert into DESIGN.CHECKIN (CUSTOMER_ID,ROOM_ID,IN_TIME,OUT_TIME) values (11,11,to_timestamp('01-8月 -23 12.00.00.000000000 下午','DD-MON-RR HH.MI.SSXFF AM'),to_timestamp('04-8月 -23 12.00.00.000000000 下午','DD-MON-RR HH.MI.SSXFF AM'));
Insert into DESIGN.CHECKIN (CUSTOMER_ID,ROOM_ID,IN_TIME,OUT_TIME) values (29,12,to_timestamp('05-8月 -23 12.00.00.000000000 下午','DD-MON-RR HH.MI.SSXFF AM'),to_timestamp('08-8月 -23 12.00.00.000000000 下午','DD-MON-RR HH.MI.SSXFF AM'));
Insert into DESIGN.CHECKIN (CUSTOMER_ID,ROOM_ID,IN_TIME,OUT_TIME) values (8,13,to_timestamp('10-8月 -23 12.00.00.000000000 下午','DD-MON-RR HH.MI.SSXFF AM'),to_timestamp('12-8月 -23 12.00.00.000000000 下午','DD-MON-RR HH.MI.SSXFF AM'));
Insert into DESIGN.CHECKIN (CUSTOMER_ID,ROOM_ID,IN_TIME,OUT_TIME) values (44,14,to_timestamp('14-8月 -23 12.00.00.000000000 下午','DD-MON-RR HH.MI.SSXFF AM'),to_timestamp('16-8月 -23 12.00.00.000000000 下午','DD-MON-RR HH.MI.SSXFF AM'));
Insert into DESIGN.CHECKIN (CUSTOMER_ID,ROOM_ID,IN_TIME,OUT_TIME) values (17,15,to_timestamp('18-8月 -23 12.00.00.000000000 下午','DD-MON-RR HH.MI.SSXFF AM'),to_timestamp('20-8月 -23 12.00.00.000000000 下午','DD-MON-RR HH.MI.SSXFF AM'));
Insert into DESIGN.CHECKIN (CUSTOMER_ID,ROOM_ID,IN_TIME,OUT_TIME) values (35,16,to_timestamp('22-8月 -23 12.00.00.000000000 下午','DD-MON-RR HH.MI.SSXFF AM'),to_timestamp('24-8月 -23 12.00.00.000000000 下午','DD-MON-RR HH.MI.SSXFF AM'));
Insert into DESIGN.CHECKIN (CUSTOMER_ID,ROOM_ID,IN_TIME,OUT_TIME) values (14,17,to_timestamp('26-8月 -23 12.00.00.000000000 下午','DD-MON-RR HH.MI.SSXFF AM'),to_timestamp('28-8月 -23 12.00.00.000000000 下午','DD-MON-RR HH.MI.SSXFF AM'));
Insert into DESIGN.CHECKIN (CUSTOMER_ID,ROOM_ID,IN_TIME,OUT_TIME) values (40,18,to_timestamp('30-8月 -23 12.00.00.000000000 下午','DD-MON-RR HH.MI.SSXFF AM'),to_timestamp('01-9月 -23 12.00.00.000000000 下午','DD-MON-RR HH.MI.SSXFF AM'));
REM INSERTING into DESIGN.CHECKREPAIR
SET DEFINE OFF;
Insert into DESIGN.CHECKREPAIR (EMP_ID,ASSET_ID,CHECK_REPAIR_TIME,CHECK_REPAIR_CONTENT) values (1,2,to_timestamp('22-7月 -23 07.35.23.719000000 上午','DD-MON-RR HH.MI.SSXFF AM'),'空调冷凝管开裂，无法修好，已更换新部件');
REM INSERTING into DESIGN.CHECK_IN_CHECK_OUT
SET DEFINE OFF;
Insert into DESIGN.CHECK_IN_CHECK_OUT (CHECK_IN_ID,EMP_ID,CHECK_IN_DATE) values (1,1,to_date('22-7月 -23','DD-MON-RR'));
Insert into DESIGN.CHECK_IN_CHECK_OUT (CHECK_IN_ID,EMP_ID,CHECK_IN_DATE) values (2,2,to_date('22-7月 -23','DD-MON-RR'));
Insert into DESIGN.CHECK_IN_CHECK_OUT (CHECK_IN_ID,EMP_ID,CHECK_IN_DATE) values (3,3,to_date('22-7月 -23','DD-MON-RR'));
Insert into DESIGN.CHECK_IN_CHECK_OUT (CHECK_IN_ID,EMP_ID,CHECK_IN_DATE) values (4,4,to_date('22-7月 -23','DD-MON-RR'));
Insert into DESIGN.CHECK_IN_CHECK_OUT (CHECK_IN_ID,EMP_ID,CHECK_IN_DATE) values (5,5,to_date('22-7月 -23','DD-MON-RR'));
Insert into DESIGN.CHECK_IN_CHECK_OUT (CHECK_IN_ID,EMP_ID,CHECK_IN_DATE) values (6,6,to_date('22-7月 -23','DD-MON-RR'));
Insert into DESIGN.CHECK_IN_CHECK_OUT (CHECK_IN_ID,EMP_ID,CHECK_IN_DATE) values (7,7,to_date('22-7月 -23','DD-MON-RR'));
Insert into DESIGN.CHECK_IN_CHECK_OUT (CHECK_IN_ID,EMP_ID,CHECK_IN_DATE) values (8,8,to_date('22-7月 -23','DD-MON-RR'));
Insert into DESIGN.CHECK_IN_CHECK_OUT (CHECK_IN_ID,EMP_ID,CHECK_IN_DATE) values (9,9,to_date('22-7月 -23','DD-MON-RR'));
REM INSERTING into DESIGN.CLEANING
SET DEFINE OFF;
Insert into DESIGN.CLEANING (ROOM_ID,EMP_ID,CLEANING_TIME) values (1,8,to_timestamp('27-8月 -23 12.00.00.000000000 下午','DD-MON-RR HH.MI.SSXFF AM'));
Insert into DESIGN.CLEANING (ROOM_ID,EMP_ID,CLEANING_TIME) values (2,8,to_timestamp('27-8月 -23 12.05.00.000000000 下午','DD-MON-RR HH.MI.SSXFF AM'));
Insert into DESIGN.CLEANING (ROOM_ID,EMP_ID,CLEANING_TIME) values (3,8,to_timestamp('27-8月 -23 12.10.00.000000000 下午','DD-MON-RR HH.MI.SSXFF AM'));
Insert into DESIGN.CLEANING (ROOM_ID,EMP_ID,CLEANING_TIME) values (4,8,to_timestamp('27-8月 -23 12.15.00.000000000 下午','DD-MON-RR HH.MI.SSXFF AM'));
Insert into DESIGN.CLEANING (ROOM_ID,EMP_ID,CLEANING_TIME) values (5,8,to_timestamp('27-8月 -23 12.20.00.000000000 下午','DD-MON-RR HH.MI.SSXFF AM'));
Insert into DESIGN.CLEANING (ROOM_ID,EMP_ID,CLEANING_TIME) values (6,8,to_timestamp('27-8月 -23 12.25.00.000000000 下午','DD-MON-RR HH.MI.SSXFF AM'));
Insert into DESIGN.CLEANING (ROOM_ID,EMP_ID,CLEANING_TIME) values (7,8,to_timestamp('27-8月 -23 12.30.00.000000000 下午','DD-MON-RR HH.MI.SSXFF AM'));
Insert into DESIGN.CLEANING (ROOM_ID,EMP_ID,CLEANING_TIME) values (8,8,to_timestamp('27-8月 -23 12.35.00.000000000 下午','DD-MON-RR HH.MI.SSXFF AM'));
Insert into DESIGN.CLEANING (ROOM_ID,EMP_ID,CLEANING_TIME) values (9,8,to_timestamp('27-8月 -23 12.40.00.000000000 下午','DD-MON-RR HH.MI.SSXFF AM'));
Insert into DESIGN.CLEANING (ROOM_ID,EMP_ID,CLEANING_TIME) values (10,8,to_timestamp('27-8月 -23 12.45.00.000000000 下午','DD-MON-RR HH.MI.SSXFF AM'));
Insert into DESIGN.CLEANING (ROOM_ID,EMP_ID,CLEANING_TIME) values (11,8,to_timestamp('27-8月 -23 12.50.00.000000000 下午','DD-MON-RR HH.MI.SSXFF AM'));
Insert into DESIGN.CLEANING (ROOM_ID,EMP_ID,CLEANING_TIME) values (12,8,to_timestamp('27-8月 -23 12.55.00.000000000 下午','DD-MON-RR HH.MI.SSXFF AM'));
Insert into DESIGN.CLEANING (ROOM_ID,EMP_ID,CLEANING_TIME) values (13,8,to_timestamp('27-8月 -23 01.00.00.000000000 下午','DD-MON-RR HH.MI.SSXFF AM'));
Insert into DESIGN.CLEANING (ROOM_ID,EMP_ID,CLEANING_TIME) values (14,8,to_timestamp('27-8月 -23 01.05.00.000000000 下午','DD-MON-RR HH.MI.SSXFF AM'));
Insert into DESIGN.CLEANING (ROOM_ID,EMP_ID,CLEANING_TIME) values (15,8,to_timestamp('27-8月 -23 01.10.00.000000000 下午','DD-MON-RR HH.MI.SSXFF AM'));
Insert into DESIGN.CLEANING (ROOM_ID,EMP_ID,CLEANING_TIME) values (16,8,to_timestamp('27-8月 -23 01.15.00.000000000 下午','DD-MON-RR HH.MI.SSXFF AM'));
Insert into DESIGN.CLEANING (ROOM_ID,EMP_ID,CLEANING_TIME) values (17,8,to_timestamp('27-8月 -23 01.20.00.000000000 下午','DD-MON-RR HH.MI.SSXFF AM'));
Insert into DESIGN.CLEANING (ROOM_ID,EMP_ID,CLEANING_TIME) values (18,8,to_timestamp('27-8月 -23 01.25.00.000000000 下午','DD-MON-RR HH.MI.SSXFF AM'));
REM INSERTING into DESIGN.COMPLAINT
SET DEFINE OFF;
Insert into DESIGN.COMPLAINT (COMPLAINT_ID,CUSTOMER_ID,WAY,SUBMIT_TIME,COMPLAINT_TYPE,DESCRIPTION,FEEDBACK,RESULT) values (1,34,'前台投诉',to_timestamp('15-6月 -23 09.30.00.000000000 上午','DD-MON-RR HH.MI.SSXFF AM'),'卫生','房间卫生不佳','已处理','进行了彻底清洁');
Insert into DESIGN.COMPLAINT (COMPLAINT_ID,CUSTOMER_ID,WAY,SUBMIT_TIME,COMPLAINT_TYPE,DESCRIPTION,FEEDBACK,RESULT) values (2,21,'电话投诉',to_timestamp('22-5月 -23 01.45.00.000000000 下午','DD-MON-RR HH.MI.SSXFF AM'),'服务','服务员不够热情','已处理','加强员工培训');
Insert into DESIGN.COMPLAINT (COMPLAINT_ID,CUSTOMER_ID,WAY,SUBMIT_TIME,COMPLAINT_TYPE,DESCRIPTION,FEEDBACK,RESULT) values (3,9,'在线投诉',to_timestamp('17-4月 -23 04.00.00.000000000 下午','DD-MON-RR HH.MI.SSXFF AM'),'设施','房间空调不制冷','已处理','维修空调设备');
Insert into DESIGN.COMPLAINT (COMPLAINT_ID,CUSTOMER_ID,WAY,SUBMIT_TIME,COMPLAINT_TYPE,DESCRIPTION,FEEDBACK,RESULT) values (4,42,'前台投诉',to_timestamp('10-3月 -23 06.30.00.000000000 下午','DD-MON-RR HH.MI.SSXFF AM'),'食品','早餐食物不新鲜','已处理','优化早餐供应链');
Insert into DESIGN.COMPLAINT (COMPLAINT_ID,CUSTOMER_ID,WAY,SUBMIT_TIME,COMPLAINT_TYPE,DESCRIPTION,FEEDBACK,RESULT) values (5,13,'电话投诉',to_timestamp('05-2月 -23 08.45.00.000000000 下午','DD-MON-RR HH.MI.SSXFF AM'),'服务','房间噪音太大','已处理','加强隔音设施');
Insert into DESIGN.COMPLAINT (COMPLAINT_ID,CUSTOMER_ID,WAY,SUBMIT_TIME,COMPLAINT_TYPE,DESCRIPTION,FEEDBACK,RESULT) values (6,28,'在线投诉',to_timestamp('03-1月 -23 10.00.00.000000000 下午','DD-MON-RR HH.MI.SSXFF AM'),'环境','房间有异味','已处理','进行空气净化处理');
Insert into DESIGN.COMPLAINT (COMPLAINT_ID,CUSTOMER_ID,WAY,SUBMIT_TIME,COMPLAINT_TYPE,DESCRIPTION,FEEDBACK,RESULT) values (7,7,'前台投诉',to_timestamp('01-12月-22 08.30.00.000000000 上午','DD-MON-RR HH.MI.SSXFF AM'),'卫生','卫生间不干净','已处理','进行了深度清洁');
Insert into DESIGN.COMPLAINT (COMPLAINT_ID,CUSTOMER_ID,WAY,SUBMIT_TIME,COMPLAINT_TYPE,DESCRIPTION,FEEDBACK,RESULT) values (8,19,'电话投诉',to_timestamp('10-11月-22 10.45.00.000000000 上午','DD-MON-RR HH.MI.SSXFF AM'),'设施','电视遥控器坏了','已处理','更换新的遥控器');
Insert into DESIGN.COMPLAINT (COMPLAINT_ID,CUSTOMER_ID,WAY,SUBMIT_TIME,COMPLAINT_TYPE,DESCRIPTION,FEEDBACK,RESULT) values (9,39,'在线投诉',to_timestamp('15-10月-22 12.00.00.000000000 下午','DD-MON-RR HH.MI.SSXFF AM'),'服务','房间打扫不及时','已处理','优化房间清洁安排');
Insert into DESIGN.COMPLAINT (COMPLAINT_ID,CUSTOMER_ID,WAY,SUBMIT_TIME,COMPLAINT_TYPE,DESCRIPTION,FEEDBACK,RESULT) values (10,8,'前台投诉',to_timestamp('20-9月 -22 02.15.00.000000000 下午','DD-MON-RR HH.MI.SSXFF AM'),'食品','晚餐菜品不符合期待','已处理','改进晚餐菜单');
Insert into DESIGN.COMPLAINT (COMPLAINT_ID,CUSTOMER_ID,WAY,SUBMIT_TIME,COMPLAINT_TYPE,DESCRIPTION,FEEDBACK,RESULT) values (11,30,'电话投诉',to_timestamp('25-8月 -22 04.30.00.000000000 下午','DD-MON-RR HH.MI.SSXFF AM'),'环境','房间照明不足','已处理','增加照明设施');
Insert into DESIGN.COMPLAINT (COMPLAINT_ID,CUSTOMER_ID,WAY,SUBMIT_TIME,COMPLAINT_TYPE,DESCRIPTION,FEEDBACK,RESULT) values (12,15,'在线投诉',to_timestamp('30-7月 -22 06.45.00.000000000 下午','DD-MON-RR HH.MI.SSXFF AM'),'卫生','房间有异味','已处理','进行空气净化处理');
Insert into DESIGN.COMPLAINT (COMPLAINT_ID,CUSTOMER_ID,WAY,SUBMIT_TIME,COMPLAINT_TYPE,DESCRIPTION,FEEDBACK,RESULT) values (13,46,'前台投诉',to_timestamp('05-6月 -22 08.00.00.000000000 下午','DD-MON-RR HH.MI.SSXFF AM'),'设施','浴缸堵塞','已处理','进行疏通处理');
Insert into DESIGN.COMPLAINT (COMPLAINT_ID,CUSTOMER_ID,WAY,SUBMIT_TIME,COMPLAINT_TYPE,DESCRIPTION,FEEDBACK,RESULT) values (14,23,'电话投诉',to_timestamp('10-5月 -22 10.15.00.000000000 下午','DD-MON-RR HH.MI.SSXFF AM'),'服务','房间噪音太大','已处理','加强隔音设施');
Insert into DESIGN.COMPLAINT (COMPLAINT_ID,CUSTOMER_ID,WAY,SUBMIT_TIME,COMPLAINT_TYPE,DESCRIPTION,FEEDBACK,RESULT) values (15,37,'在线投诉',to_timestamp('15-4月 -22 08.30.00.000000000 上午','DD-MON-RR HH.MI.SSXFF AM'),'食品','早餐食物不丰富','已处理','增加早餐种类');
Insert into DESIGN.COMPLAINT (COMPLAINT_ID,CUSTOMER_ID,WAY,SUBMIT_TIME,COMPLAINT_TYPE,DESCRIPTION,FEEDBACK,RESULT) values (16,12,'前台投诉',to_timestamp('20-3月 -22 10.45.00.000000000 上午','DD-MON-RR HH.MI.SSXFF AM'),'环境','房间温度过低','已处理','调整空调温度');
Insert into DESIGN.COMPLAINT (COMPLAINT_ID,CUSTOMER_ID,WAY,SUBMIT_TIME,COMPLAINT_TYPE,DESCRIPTION,FEEDBACK,RESULT) values (17,26,'电话投诉',to_timestamp('25-2月 -22 12.00.00.000000000 下午','DD-MON-RR HH.MI.SSXFF AM'),'卫生','床单有污渍','已处理','更换床单');
Insert into DESIGN.COMPLAINT (COMPLAINT_ID,CUSTOMER_ID,WAY,SUBMIT_TIME,COMPLAINT_TYPE,DESCRIPTION,FEEDBACK,RESULT) values (18,4,'在线投诉',to_timestamp('30-1月 -22 02.15.00.000000000 下午','DD-MON-RR HH.MI.SSXFF AM'),'设施','淋浴出热水不稳定','已处理','维修淋浴设备');
Insert into DESIGN.COMPLAINT (COMPLAINT_ID,CUSTOMER_ID,WAY,SUBMIT_TIME,COMPLAINT_TYPE,DESCRIPTION,FEEDBACK,RESULT) values (19,18,'前台投诉',to_timestamp('05-12月-21 04.30.00.000000000 下午','DD-MON-RR HH.MI.SSXFF AM'),'服务','服务员态度不好','已处理','加强员工培训');
Insert into DESIGN.COMPLAINT (COMPLAINT_ID,CUSTOMER_ID,WAY,SUBMIT_TIME,COMPLAINT_TYPE,DESCRIPTION,FEEDBACK,RESULT) values (20,32,'电话投诉',to_timestamp('10-11月-21 06.45.00.000000000 下午','DD-MON-RR HH.MI.SSXFF AM'),'食品','晚餐品质不高','已处理','改进晚餐菜单');
REM INSERTING into DESIGN.CONSUME
SET DEFINE OFF;
Insert into DESIGN.CONSUME (DEPARTMENT_ID,GOODS_ID,CONSUME_QUANTITY) values (4,1,3);
Insert into DESIGN.CONSUME (DEPARTMENT_ID,GOODS_ID,CONSUME_QUANTITY) values (2,2,2);
Insert into DESIGN.CONSUME (DEPARTMENT_ID,GOODS_ID,CONSUME_QUANTITY) values (6,3,4);
Insert into DESIGN.CONSUME (DEPARTMENT_ID,GOODS_ID,CONSUME_QUANTITY) values (1,4,5);
Insert into DESIGN.CONSUME (DEPARTMENT_ID,GOODS_ID,CONSUME_QUANTITY) values (5,5,1);
Insert into DESIGN.CONSUME (DEPARTMENT_ID,GOODS_ID,CONSUME_QUANTITY) values (3,6,3);
Insert into DESIGN.CONSUME (DEPARTMENT_ID,GOODS_ID,CONSUME_QUANTITY) values (2,7,4);
Insert into DESIGN.CONSUME (DEPARTMENT_ID,GOODS_ID,CONSUME_QUANTITY) values (6,8,2);
Insert into DESIGN.CONSUME (DEPARTMENT_ID,GOODS_ID,CONSUME_QUANTITY) values (1,9,1);
Insert into DESIGN.CONSUME (DEPARTMENT_ID,GOODS_ID,CONSUME_QUANTITY) values (4,10,5);
REM INSERTING into DESIGN.CONSUMPTION_RECORDS
SET DEFINE OFF;
Insert into DESIGN.CONSUMPTION_RECORDS (CONSUME_ID,ROOM_ID,BILL_ID,EMPLOYEE_ID,CONSUME_TYPE,CONSUME_TIME,CONSUME_AMOUNT) values (1,1,null,6,'饮料',to_timestamp('21-8月 -22 09.13.54.118000000 下午','DD-MON-RR HH.MI.SSXFF AM'),8);
Insert into DESIGN.CONSUMPTION_RECORDS (CONSUME_ID,ROOM_ID,BILL_ID,EMPLOYEE_ID,CONSUME_TYPE,CONSUME_TIME,CONSUME_AMOUNT) values (2,2,null,6,'零食',to_timestamp('05-9月 -22 10.45.20.523000000 上午','DD-MON-RR HH.MI.SSXFF AM'),12);
Insert into DESIGN.CONSUMPTION_RECORDS (CONSUME_ID,ROOM_ID,BILL_ID,EMPLOYEE_ID,CONSUME_TYPE,CONSUME_TIME,CONSUME_AMOUNT) values (3,3,null,6,'饮料',to_timestamp('12-10月-22 03.18.42.915000000 下午','DD-MON-RR HH.MI.SSXFF AM'),6);
Insert into DESIGN.CONSUMPTION_RECORDS (CONSUME_ID,ROOM_ID,BILL_ID,EMPLOYEE_ID,CONSUME_TYPE,CONSUME_TIME,CONSUME_AMOUNT) values (4,4,null,6,'零食',to_timestamp('03-11月-22 09.22.37.706000000 上午','DD-MON-RR HH.MI.SSXFF AM'),9);
Insert into DESIGN.CONSUMPTION_RECORDS (CONSUME_ID,ROOM_ID,BILL_ID,EMPLOYEE_ID,CONSUME_TYPE,CONSUME_TIME,CONSUME_AMOUNT) values (5,5,25,6,'饮料',to_timestamp('08-12月-22 06.30.15.825000000 下午','DD-MON-RR HH.MI.SSXFF AM'),8);
Insert into DESIGN.CONSUMPTION_RECORDS (CONSUME_ID,ROOM_ID,BILL_ID,EMPLOYEE_ID,CONSUME_TYPE,CONSUME_TIME,CONSUME_AMOUNT) values (6,6,30,6,'零食',to_timestamp('15-1月 -23 02.57.01.336000000 下午','DD-MON-RR HH.MI.SSXFF AM'),7);
Insert into DESIGN.CONSUMPTION_RECORDS (CONSUME_ID,ROOM_ID,BILL_ID,EMPLOYEE_ID,CONSUME_TYPE,CONSUME_TIME,CONSUME_AMOUNT) values (7,7,7,6,'饮料',to_timestamp('20-2月 -23 12.08.48.732000000 下午','DD-MON-RR HH.MI.SSXFF AM'),9);
Insert into DESIGN.CONSUMPTION_RECORDS (CONSUME_ID,ROOM_ID,BILL_ID,EMPLOYEE_ID,CONSUME_TYPE,CONSUME_TIME,CONSUME_AMOUNT) values (8,8,12,6,'零食',to_timestamp('07-3月 -23 08.59.59.999000000 上午','DD-MON-RR HH.MI.SSXFF AM'),10);
Insert into DESIGN.CONSUMPTION_RECORDS (CONSUME_ID,ROOM_ID,BILL_ID,EMPLOYEE_ID,CONSUME_TYPE,CONSUME_TIME,CONSUME_AMOUNT) values (9,9,17,6,'饮料',to_timestamp('14-4月 -23 05.45.30.215000000 下午','DD-MON-RR HH.MI.SSXFF AM'),5);
Insert into DESIGN.CONSUMPTION_RECORDS (CONSUME_ID,ROOM_ID,BILL_ID,EMPLOYEE_ID,CONSUME_TYPE,CONSUME_TIME,CONSUME_AMOUNT) values (10,10,22,6,'零食',to_timestamp('21-5月 -23 01.26.11.814000000 下午','DD-MON-RR HH.MI.SSXFF AM'),8);
Insert into DESIGN.CONSUMPTION_RECORDS (CONSUME_ID,ROOM_ID,BILL_ID,EMPLOYEE_ID,CONSUME_TYPE,CONSUME_TIME,CONSUME_AMOUNT) values (11,11,27,6,'饮料',to_timestamp('28-6月 -23 09.18.18.181000000 上午','DD-MON-RR HH.MI.SSXFF AM'),7);
Insert into DESIGN.CONSUMPTION_RECORDS (CONSUME_ID,ROOM_ID,BILL_ID,EMPLOYEE_ID,CONSUME_TYPE,CONSUME_TIME,CONSUME_AMOUNT) values (12,12,32,6,'零食',to_timestamp('05-7月 -23 03.42.42.424000000 下午','DD-MON-RR HH.MI.SSXFF AM'),6);
Insert into DESIGN.CONSUMPTION_RECORDS (CONSUME_ID,ROOM_ID,BILL_ID,EMPLOYEE_ID,CONSUME_TYPE,CONSUME_TIME,CONSUME_AMOUNT) values (13,13,4,6,'饮料',to_timestamp('12-8月 -23 08.20.20.202000000 下午','DD-MON-RR HH.MI.SSXFF AM'),8);
Insert into DESIGN.CONSUMPTION_RECORDS (CONSUME_ID,ROOM_ID,BILL_ID,EMPLOYEE_ID,CONSUME_TYPE,CONSUME_TIME,CONSUME_AMOUNT) values (14,14,9,6,'零食',to_timestamp('19-9月 -22 11.11.11.111000000 上午','DD-MON-RR HH.MI.SSXFF AM'),11);
Insert into DESIGN.CONSUMPTION_RECORDS (CONSUME_ID,ROOM_ID,BILL_ID,EMPLOYEE_ID,CONSUME_TYPE,CONSUME_TIME,CONSUME_AMOUNT) values (15,15,14,6,'饮料',to_timestamp('26-10月-22 08.08.08.808000000 上午','DD-MON-RR HH.MI.SSXFF AM'),7);
Insert into DESIGN.CONSUMPTION_RECORDS (CONSUME_ID,ROOM_ID,BILL_ID,EMPLOYEE_ID,CONSUME_TYPE,CONSUME_TIME,CONSUME_AMOUNT) values (16,16,19,6,'零食',to_timestamp('02-11月-22 02.14.14.141000000 下午','DD-MON-RR HH.MI.SSXFF AM'),6);
Insert into DESIGN.CONSUMPTION_RECORDS (CONSUME_ID,ROOM_ID,BILL_ID,EMPLOYEE_ID,CONSUME_TYPE,CONSUME_TIME,CONSUME_AMOUNT) values (17,17,24,6,'饮料',to_timestamp('09-12月-22 10.10.10.101000000 上午','DD-MON-RR HH.MI.SSXFF AM'),9);
Insert into DESIGN.CONSUMPTION_RECORDS (CONSUME_ID,ROOM_ID,BILL_ID,EMPLOYEE_ID,CONSUME_TYPE,CONSUME_TIME,CONSUME_AMOUNT) values (18,18,29,6,'零食',to_timestamp('16-1月 -24 04.16.16.161000000 下午','DD-MON-RR HH.MI.SSXFF AM'),5);
Insert into DESIGN.CONSUMPTION_RECORDS (CONSUME_ID,ROOM_ID,BILL_ID,EMPLOYEE_ID,CONSUME_TYPE,CONSUME_TIME,CONSUME_AMOUNT) values (19,18,29,6,'零食',to_timestamp('15-1月 -23 04.16.16.161000000 下午','DD-MON-RR HH.MI.SSXFF AM'),5);
Insert into DESIGN.CONSUMPTION_RECORDS (CONSUME_ID,ROOM_ID,BILL_ID,EMPLOYEE_ID,CONSUME_TYPE,CONSUME_TIME,CONSUME_AMOUNT) values (20,18,29,6,'零食',to_timestamp('16-1月 -23 04.15.16.161000000 下午','DD-MON-RR HH.MI.SSXFF AM'),5);
REM INSERTING into DESIGN.CUSTOMER
SET DEFINE OFF;
Insert into DESIGN.CUSTOMER (CUSTOMER_ID,NAME,ID,GENDER,PHONE,CREDIT_GRADE,MEMBER_GRADE) values (1,null,'130911200104059966','女','15689456788','5','0');
Insert into DESIGN.CUSTOMER (CUSTOMER_ID,NAME,ID,GENDER,PHONE,CREDIT_GRADE,MEMBER_GRADE) values (2,'刘军','320102199508152014','男','13712345678','3','1');
Insert into DESIGN.CUSTOMER (CUSTOMER_ID,NAME,ID,GENDER,PHONE,CREDIT_GRADE,MEMBER_GRADE) values (3,'张丽','420202198710243258','女','15898765432','4','2');
Insert into DESIGN.CUSTOMER (CUSTOMER_ID,NAME,ID,GENDER,PHONE,CREDIT_GRADE,MEMBER_GRADE) values (4,'王伟','120104197606301215','男','18245678901','2','0');
Insert into DESIGN.CUSTOMER (CUSTOMER_ID,NAME,ID,GENDER,PHONE,CREDIT_GRADE,MEMBER_GRADE) values (5,'李娜','510105200008074393','女','15023456789','5','3');
Insert into DESIGN.CUSTOMER (CUSTOMER_ID,NAME,ID,GENDER,PHONE,CREDIT_GRADE,MEMBER_GRADE) values (6,'方刚','330106199303283126','男','13787654321','3','1');
Insert into DESIGN.CUSTOMER (CUSTOMER_ID,NAME,ID,GENDER,PHONE,CREDIT_GRADE,MEMBER_GRADE) values (7,'陈丽','210115198212025495','女','15865432109','4','2');
Insert into DESIGN.CUSTOMER (CUSTOMER_ID,NAME,ID,GENDER,PHONE,CREDIT_GRADE,MEMBER_GRADE) values (8,'张清风','220104200111217387','男','18234567890','2','0');
Insert into DESIGN.CUSTOMER (CUSTOMER_ID,NAME,ID,GENDER,PHONE,CREDIT_GRADE,MEMBER_GRADE) values (9,'任红蕊','430102200212054675','女','15098765432','5','3');
Insert into DESIGN.CUSTOMER (CUSTOMER_ID,NAME,ID,GENDER,PHONE,CREDIT_GRADE,MEMBER_GRADE) values (10,'刘彦华','520113198502152132','男','13756789012','3','1');
Insert into DESIGN.CUSTOMER (CUSTOMER_ID,NAME,ID,GENDER,PHONE,CREDIT_GRADE,MEMBER_GRADE) values (11,'王丽','320111199909080834','女','15823456781','4','2');
Insert into DESIGN.CUSTOMER (CUSTOMER_ID,NAME,ID,GENDER,PHONE,CREDIT_GRADE,MEMBER_GRADE) values (12,'李伟','130105200604062013','男','18278901234','2','0');
Insert into DESIGN.CUSTOMER (CUSTOMER_ID,NAME,ID,GENDER,PHONE,CREDIT_GRADE,MEMBER_GRADE) values (13,'谢岚','420106199404087872','女','15034567890','5','3');
Insert into DESIGN.CUSTOMER (CUSTOMER_ID,NAME,ID,GENDER,PHONE,CREDIT_GRADE,MEMBER_GRADE) values (14,'张浩然','120108198208190067','男','13756789012','3','1');
Insert into DESIGN.CUSTOMER (CUSTOMER_ID,NAME,ID,GENDER,PHONE,CREDIT_GRADE,MEMBER_GRADE) values (15,'李婷婷','510112200103052238','女','15823456789','4','2');
Insert into DESIGN.CUSTOMER (CUSTOMER_ID,NAME,ID,GENDER,PHONE,CREDIT_GRADE,MEMBER_GRADE) values (16,'王子涵','330110199303152748','男','18234567890','2','0');
Insert into DESIGN.CUSTOMER (CUSTOMER_ID,NAME,ID,GENDER,PHONE,CREDIT_GRADE,MEMBER_GRADE) values (17,'张瑞雪','210112200412144453','女','15045678901','5','3');
Insert into DESIGN.CUSTOMER (CUSTOMER_ID,NAME,ID,GENDER,PHONE,CREDIT_GRADE,MEMBER_GRADE) values (18,'李天宇','220106198609262318','男','13778901234','3','1');
Insert into DESIGN.CUSTOMER (CUSTOMER_ID,NAME,ID,GENDER,PHONE,CREDIT_GRADE,MEMBER_GRADE) values (19,'王梦婷','430108200403252534','女','15889012345','4','2');
Insert into DESIGN.CUSTOMER (CUSTOMER_ID,NAME,ID,GENDER,PHONE,CREDIT_GRADE,MEMBER_GRADE) values (20,'刘宇轩','520104200612140089','男','18267890123','2','0');
Insert into DESIGN.CUSTOMER (CUSTOMER_ID,NAME,ID,GENDER,PHONE,CREDIT_GRADE,MEMBER_GRADE) values (21,'张雨欣','320103199101082342','女','15056789012','5','3');
Insert into DESIGN.CUSTOMER (CUSTOMER_ID,NAME,ID,GENDER,PHONE,CREDIT_GRADE,MEMBER_GRADE) values (22,'李明','420101198509170754','男','13745678901','3','1');
Insert into DESIGN.CUSTOMER (CUSTOMER_ID,NAME,ID,GENDER,PHONE,CREDIT_GRADE,MEMBER_GRADE) values (23,'周婷婷','120106200402032614','女','15856789012','4','2');
Insert into DESIGN.CUSTOMER (CUSTOMER_ID,NAME,ID,GENDER,PHONE,CREDIT_GRADE,MEMBER_GRADE) values (24,'赵子龙','510102198905113226','男','18278901234','2','0');
Insert into DESIGN.CUSTOMER (CUSTOMER_ID,NAME,ID,GENDER,PHONE,CREDIT_GRADE,MEMBER_GRADE) values (25,'张雨涵','330104200304164729','女','15067890123','5','3');
Insert into DESIGN.CUSTOMER (CUSTOMER_ID,NAME,ID,GENDER,PHONE,CREDIT_GRADE,MEMBER_GRADE) values (26,'王磊','210103199711251035','男','13778901234','3','1');
Insert into DESIGN.CUSTOMER (CUSTOMER_ID,NAME,ID,GENDER,PHONE,CREDIT_GRADE,MEMBER_GRADE) values (27,'李雨晴','220103198308152015','女','15867890123','4','2');
Insert into DESIGN.CUSTOMER (CUSTOMER_ID,NAME,ID,GENDER,PHONE,CREDIT_GRADE,MEMBER_GRADE) values (28,'孙博文','430103200512014563','男','18278901234','2','0');
Insert into DESIGN.CUSTOMER (CUSTOMER_ID,NAME,ID,GENDER,PHONE,CREDIT_GRADE,MEMBER_GRADE) values (29,'郭雪儿','520103199707032715','女','15067890123','5','3');
Insert into DESIGN.CUSTOMER (CUSTOMER_ID,NAME,ID,GENDER,PHONE,CREDIT_GRADE,MEMBER_GRADE) values (30,'马宇航','320104200010274383','男','13778901234','3','1');
Insert into DESIGN.CUSTOMER (CUSTOMER_ID,NAME,ID,GENDER,PHONE,CREDIT_GRADE,MEMBER_GRADE) values (31,'张雨薇','420104199308184226','女','15867890123','4','2');
Insert into DESIGN.CUSTOMER (CUSTOMER_ID,NAME,ID,GENDER,PHONE,CREDIT_GRADE,MEMBER_GRADE) values (32,'郭宇辰','120103198508032813','男','18278901234','2','0');
Insert into DESIGN.CUSTOMER (CUSTOMER_ID,NAME,ID,GENDER,PHONE,CREDIT_GRADE,MEMBER_GRADE) values (33,'张雨萌','510103200705105074','女','15067890123','5','3');
Insert into DESIGN.CUSTOMER (CUSTOMER_ID,NAME,ID,GENDER,PHONE,CREDIT_GRADE,MEMBER_GRADE) values (34,'许峰','330103199312244765','男','13778901234','3','1');
Insert into DESIGN.CUSTOMER (CUSTOMER_ID,NAME,ID,GENDER,PHONE,CREDIT_GRADE,MEMBER_GRADE) values (35,'李雨婷','210103200109263298','女','15867890123','4','2');
Insert into DESIGN.CUSTOMER (CUSTOMER_ID,NAME,ID,GENDER,PHONE,CREDIT_GRADE,MEMBER_GRADE) values (36,'邓波','220103198704113238','男','18278901234','2','0');
Insert into DESIGN.CUSTOMER (CUSTOMER_ID,NAME,ID,GENDER,PHONE,CREDIT_GRADE,MEMBER_GRADE) values (37,'王梦萌','430103200010222146','女','15067890123','5','3');
Insert into DESIGN.CUSTOMER (CUSTOMER_ID,NAME,ID,GENDER,PHONE,CREDIT_GRADE,MEMBER_GRADE) values (38,'陈俊宇','520103199201232719','男','13778901234','3','1');
Insert into DESIGN.CUSTOMER (CUSTOMER_ID,NAME,ID,GENDER,PHONE,CREDIT_GRADE,MEMBER_GRADE) values (39,'张婷婷','320103200408104268','女','15867890123','4','2');
Insert into DESIGN.CUSTOMER (CUSTOMER_ID,NAME,ID,GENDER,PHONE,CREDIT_GRADE,MEMBER_GRADE) values (40,'孙博涛','420103198312132825','男','18278901234','2','0');
Insert into DESIGN.CUSTOMER (CUSTOMER_ID,NAME,ID,GENDER,PHONE,CREDIT_GRADE,MEMBER_GRADE) values (41,'刘佳琪','120103200109132315','女','15067890123','5','3');
Insert into DESIGN.CUSTOMER (CUSTOMER_ID,NAME,ID,GENDER,PHONE,CREDIT_GRADE,MEMBER_GRADE) values (42,'李浩然','510103199206082252','男','13778901234','3','1');
Insert into DESIGN.CUSTOMER (CUSTOMER_ID,NAME,ID,GENDER,PHONE,CREDIT_GRADE,MEMBER_GRADE) values (43,'陈思雨','330103200411032147','女','15867890123','4','2');
Insert into DESIGN.CUSTOMER (CUSTOMER_ID,NAME,ID,GENDER,PHONE,CREDIT_GRADE,MEMBER_GRADE) values (44,'郭宇辰','210103198801122476','男','18278901234','2','0');
Insert into DESIGN.CUSTOMER (CUSTOMER_ID,NAME,ID,GENDER,PHONE,CREDIT_GRADE,MEMBER_GRADE) values (45,'赵雨菲','220103200209141437','女','15067890123','5','3');
Insert into DESIGN.CUSTOMER (CUSTOMER_ID,NAME,ID,GENDER,PHONE,CREDIT_GRADE,MEMBER_GRADE) values (46,'周瑞鹏','430103199703272491','男','13778901234','3','1');
Insert into DESIGN.CUSTOMER (CUSTOMER_ID,NAME,ID,GENDER,PHONE,CREDIT_GRADE,MEMBER_GRADE) values (47,'孙梦瑶','520103200503072341','女','15867890123','4','2');
Insert into DESIGN.CUSTOMER (CUSTOMER_ID,NAME,ID,GENDER,PHONE,CREDIT_GRADE,MEMBER_GRADE) values (48,'徐嘉翔','320103198611042238','男','18278901234','2','0');
Insert into DESIGN.CUSTOMER (CUSTOMER_ID,NAME,ID,GENDER,PHONE,CREDIT_GRADE,MEMBER_GRADE) values (49,'马晓雨','420103200402122492','女','15067890123','5','3');
REM INSERTING into DESIGN.DEPARTMENT
SET DEFINE OFF;
Insert into DESIGN.DEPARTMENT (DEPARTMENT_ID,DEPARTMENT_NAME,NUMBER_OF_PEOPLE) values (1,'总经理办公室',1);
Insert into DESIGN.DEPARTMENT (DEPARTMENT_ID,DEPARTMENT_NAME,NUMBER_OF_PEOPLE) values (2,'餐饮',1);
Insert into DESIGN.DEPARTMENT (DEPARTMENT_ID,DEPARTMENT_NAME,NUMBER_OF_PEOPLE) values (3,'财务',1);
Insert into DESIGN.DEPARTMENT (DEPARTMENT_ID,DEPARTMENT_NAME,NUMBER_OF_PEOPLE) values (4,'人事',2);
Insert into DESIGN.DEPARTMENT (DEPARTMENT_ID,DEPARTMENT_NAME,NUMBER_OF_PEOPLE) values (5,'前厅部',1);
Insert into DESIGN.DEPARTMENT (DEPARTMENT_ID,DEPARTMENT_NAME,NUMBER_OF_PEOPLE) values (6,'后勤',3);
REM INSERTING into DESIGN.DISH
SET DEFINE OFF;
Insert into DESIGN.DISH (DISH_ID,DISH_NAME,DISH_PRICE,DISH_TASTE) values (1,'奶油蘑菇汤',12,'甜');
Insert into DESIGN.DISH (DISH_ID,DISH_NAME,DISH_PRICE,DISH_TASTE) values (2,'牛肉面',18,'咸鲜');
Insert into DESIGN.DISH (DISH_ID,DISH_NAME,DISH_PRICE,DISH_TASTE) values (3,'香辣虾',28,'辣鲜');
Insert into DESIGN.DISH (DISH_ID,DISH_NAME,DISH_PRICE,DISH_TASTE) values (4,'红烧猪蹄',38,'甜咸');
Insert into DESIGN.DISH (DISH_ID,DISH_NAME,DISH_PRICE,DISH_TASTE) values (5,'麻辣香锅',68,'辣麻');
Insert into DESIGN.DISH (DISH_ID,DISH_NAME,DISH_PRICE,DISH_TASTE) values (6,'清蒸鲈鱼',58,'清淡');
Insert into DESIGN.DISH (DISH_ID,DISH_NAME,DISH_PRICE,DISH_TASTE) values (7,'蚝油芥兰',22,'鲜香');
Insert into DESIGN.DISH (DISH_ID,DISH_NAME,DISH_PRICE,DISH_TASTE) values (8,'宫保鸡丁',32,'微辣');
Insert into DESIGN.DISH (DISH_ID,DISH_NAME,DISH_PRICE,DISH_TASTE) values (9,'水煮鱼',48,'麻辣');
Insert into DESIGN.DISH (DISH_ID,DISH_NAME,DISH_PRICE,DISH_TASTE) values (10,'扬州炒饭',25,'咸鲜');
Insert into DESIGN.DISH (DISH_ID,DISH_NAME,DISH_PRICE,DISH_TASTE) values (11,'豆腐脑',15,'清淡');
Insert into DESIGN.DISH (DISH_ID,DISH_NAME,DISH_PRICE,DISH_TASTE) values (12,'干炒牛河',26,'咸鲜');
Insert into DESIGN.DISH (DISH_ID,DISH_NAME,DISH_PRICE,DISH_TASTE) values (13,'蒜蓉西兰花',20,'蒜香');
Insert into DESIGN.DISH (DISH_ID,DISH_NAME,DISH_PRICE,DISH_TASTE) values (14,'京酱肉丝',28,'甜咸');
Insert into DESIGN.DISH (DISH_ID,DISH_NAME,DISH_PRICE,DISH_TASTE) values (15,'麻辣火锅',88,'辣麻');
Insert into DESIGN.DISH (DISH_ID,DISH_NAME,DISH_PRICE,DISH_TASTE) values (16,'糖醋排骨',35,'甜酸');
Insert into DESIGN.DISH (DISH_ID,DISH_NAME,DISH_PRICE,DISH_TASTE) values (17,'麻辣拌鸡块',32,'麻辣');
Insert into DESIGN.DISH (DISH_ID,DISH_NAME,DISH_PRICE,DISH_TASTE) values (18,'清炒时蔬',18,'清淡');
Insert into DESIGN.DISH (DISH_ID,DISH_NAME,DISH_PRICE,DISH_TASTE) values (19,'鱼香茄子',22,'鱼香');
Insert into DESIGN.DISH (DISH_ID,DISH_NAME,DISH_PRICE,DISH_TASTE) values (20,'蒸蛋',15,'清淡');
Insert into DESIGN.DISH (DISH_ID,DISH_NAME,DISH_PRICE,DISH_TASTE) values (21,'黄焖鸡米饭',28,'微辣');
REM INSERTING into DESIGN.EMPLOYEE
SET DEFINE OFF;
Insert into DESIGN.EMPLOYEE (EMPLOYEE_ID,NAME,ACCOUNT,SEX,AGE,POST_ID,ENTRY_TIME,PHONE_NUMBER,BASE_PAY,PASSWORD,BANK_NAME,CREDIT_CARD_NUMBER) values (1,'章北海','zbh','男',42,1,to_date('22-7月 -23','DD-MON-RR'),'13269664877',0,'e10adc3949ba59abbe56e057f20f88','中国农业银行','6217009670700268381');
Insert into DESIGN.EMPLOYEE (EMPLOYEE_ID,NAME,ACCOUNT,SEX,AGE,POST_ID,ENTRY_TIME,PHONE_NUMBER,BASE_PAY,PASSWORD,BANK_NAME,CREDIT_CARD_NUMBER) values (2,'罗辑','lj','男',31,2,to_date('13-12月-22','DD-MON-RR'),'13736984895',0,'e10adc3949ba59abbe56e057f20f88','中国农业银行','6217009670700268382');
Insert into DESIGN.EMPLOYEE (EMPLOYEE_ID,NAME,ACCOUNT,SEX,AGE,POST_ID,ENTRY_TIME,PHONE_NUMBER,BASE_PAY,PASSWORD,BANK_NAME,CREDIT_CARD_NUMBER) values (3,'叶文洁','ywj','女',45,3,to_date('15-4月 -18','DD-MON-RR'),'13712345678',0,'e10adc3949ba59abbe56e057f20f88','中国农业银行','6217009670700268383');
Insert into DESIGN.EMPLOYEE (EMPLOYEE_ID,NAME,ACCOUNT,SEX,AGE,POST_ID,ENTRY_TIME,PHONE_NUMBER,BASE_PAY,PASSWORD,BANK_NAME,CREDIT_CARD_NUMBER) values (4,'汪淼','wm','男',39,4,to_date('23-8月 -18','DD-MON-RR'),'15823456789',0,'e10adc3949ba59abbe56e057f20f88','中国农业银行','6217009670700268384');
Insert into DESIGN.EMPLOYEE (EMPLOYEE_ID,NAME,ACCOUNT,SEX,AGE,POST_ID,ENTRY_TIME,PHONE_NUMBER,BASE_PAY,PASSWORD,BANK_NAME,CREDIT_CARD_NUMBER) values (5,'杨冬','yd','女',43,5,to_date('10-2月 -19','DD-MON-RR'),'18298765432',0,'e10adc3949ba59abbe56e057f20f88','中国农业银行','6217009670700268385');
Insert into DESIGN.EMPLOYEE (EMPLOYEE_ID,NAME,ACCOUNT,SEX,AGE,POST_ID,ENTRY_TIME,PHONE_NUMBER,BASE_PAY,PASSWORD,BANK_NAME,CREDIT_CARD_NUMBER) values (6,'程心','cx','女',28,6,to_date('28-6月 -19','DD-MON-RR'),'15087654321',0,'e10adc3949ba59abbe56e057f20f88','中国农业银行','6217009670700268386');
Insert into DESIGN.EMPLOYEE (EMPLOYEE_ID,NAME,ACCOUNT,SEX,AGE,POST_ID,ENTRY_TIME,PHONE_NUMBER,BASE_PAY,PASSWORD,BANK_NAME,CREDIT_CARD_NUMBER) values (7,'韩大为','hdw','男',33,7,to_date('03-1月 -22','DD-MON-RR'),'13744443333',0,'e10adc3949ba59abbe56e057f20f88','中国农业银行','6217009670700268387');
Insert into DESIGN.EMPLOYEE (EMPLOYEE_ID,NAME,ACCOUNT,SEX,AGE,POST_ID,ENTRY_TIME,PHONE_NUMBER,BASE_PAY,PASSWORD,BANK_NAME,CREDIT_CARD_NUMBER) values (8,'陈红秀','chx','女',33,8,to_date('03-1月 -22','DD-MON-RR'),'13769857423',0,'e10adc3949ba59abbe56e057f20f88','中国农业银行','6217009670700268388');
Insert into DESIGN.EMPLOYEE (EMPLOYEE_ID,NAME,ACCOUNT,SEX,AGE,POST_ID,ENTRY_TIME,PHONE_NUMBER,BASE_PAY,PASSWORD,BANK_NAME,CREDIT_CARD_NUMBER) values (9,'郑有为','zyw','男',38,8,to_date('03-1月 -22','DD-MON-RR'),'15870104865',0,'e10adc3949ba59abbe56e057f20f88','中国农业银行','6217009670700268389');
REM INSERTING into DESIGN.ENTER_EXIT
SET DEFINE OFF;
Insert into DESIGN.ENTER_EXIT (INFO_ID,CAR_NUMBER,ENTER_TIME,EXIT_TIME) values (1,'沪A12345',to_timestamp('22-7月 -23 06.37.50.661000000 上午','DD-MON-RR HH.MI.SSXFF AM'),to_timestamp('22-7月 -23 04.37.50.661000000 下午','DD-MON-RR HH.MI.SSXFF AM'));
Insert into DESIGN.ENTER_EXIT (INFO_ID,CAR_NUMBER,ENTER_TIME,EXIT_TIME) values (2,'浙B67890',to_timestamp('22-7月 -23 08.25.10.431000000 上午','DD-MON-RR HH.MI.SSXFF AM'),to_timestamp('22-7月 -23 06.25.10.431000000 下午','DD-MON-RR HH.MI.SSXFF AM'));
Insert into DESIGN.ENTER_EXIT (INFO_ID,CAR_NUMBER,ENTER_TIME,EXIT_TIME) values (3,'沪C24680',to_timestamp('22-7月 -23 10.15.30.241000000 上午','DD-MON-RR HH.MI.SSXFF AM'),to_timestamp('22-7月 -23 08.15.30.241000000 下午','DD-MON-RR HH.MI.SSXFF AM'));
Insert into DESIGN.ENTER_EXIT (INFO_ID,CAR_NUMBER,ENTER_TIME,EXIT_TIME) values (4,'浙D13579',to_timestamp('22-7月 -23 12.10.15.785000000 下午','DD-MON-RR HH.MI.SSXFF AM'),to_timestamp('23-7月 -23 12.10.15.785000000 上午','DD-MON-RR HH.MI.SSXFF AM'));
Insert into DESIGN.ENTER_EXIT (INFO_ID,CAR_NUMBER,ENTER_TIME,EXIT_TIME) values (5,'沪E97531',to_timestamp('22-7月 -23 02.45.25.908000000 下午','DD-MON-RR HH.MI.SSXFF AM'),to_timestamp('23-7月 -23 04.45.25.908000000 上午','DD-MON-RR HH.MI.SSXFF AM'));
Insert into DESIGN.ENTER_EXIT (INFO_ID,CAR_NUMBER,ENTER_TIME,EXIT_TIME) values (6,'浙F86420',to_timestamp('22-7月 -23 04.20.50.572000000 下午','DD-MON-RR HH.MI.SSXFF AM'),to_timestamp('23-7月 -23 06.20.50.572000000 上午','DD-MON-RR HH.MI.SSXFF AM'));
Insert into DESIGN.ENTER_EXIT (INFO_ID,CAR_NUMBER,ENTER_TIME,EXIT_TIME) values (7,'沪G64280',to_timestamp('22-7月 -23 06.10.20.332000000 下午','DD-MON-RR HH.MI.SSXFF AM'),to_timestamp('23-7月 -23 08.10.20.332000000 上午','DD-MON-RR HH.MI.SSXFF AM'));
Insert into DESIGN.ENTER_EXIT (INFO_ID,CAR_NUMBER,ENTER_TIME,EXIT_TIME) values (8,'浙H75319',to_timestamp('22-7月 -23 08.30.40.715000000 下午','DD-MON-RR HH.MI.SSXFF AM'),to_timestamp('23-7月 -23 10.30.40.715000000 上午','DD-MON-RR HH.MI.SSXFF AM'));
Insert into DESIGN.ENTER_EXIT (INFO_ID,CAR_NUMBER,ENTER_TIME,EXIT_TIME) values (9,'沪J81357',to_timestamp('22-7月 -23 10.15.12.198000000 下午','DD-MON-RR HH.MI.SSXFF AM'),to_timestamp('23-7月 -23 12.15.12.198000000 下午','DD-MON-RR HH.MI.SSXFF AM'));
Insert into DESIGN.ENTER_EXIT (INFO_ID,CAR_NUMBER,ENTER_TIME,EXIT_TIME) values (10,'浙K92546',to_timestamp('23-7月 -23 12.40.30.901000000 上午','DD-MON-RR HH.MI.SSXFF AM'),to_timestamp('23-7月 -23 02.40.30.901000000 下午','DD-MON-RR HH.MI.SSXFF AM'));
Insert into DESIGN.ENTER_EXIT (INFO_ID,CAR_NUMBER,ENTER_TIME,EXIT_TIME) values (11,'沪L63584',to_timestamp('23-7月 -23 02.55.21.537000000 上午','DD-MON-RR HH.MI.SSXFF AM'),to_timestamp('23-7月 -23 04.55.21.537000000 下午','DD-MON-RR HH.MI.SSXFF AM'));
Insert into DESIGN.ENTER_EXIT (INFO_ID,CAR_NUMBER,ENTER_TIME,EXIT_TIME) values (12,'浙M24768',to_timestamp('23-7月 -23 05.05.14.624000000 上午','DD-MON-RR HH.MI.SSXFF AM'),to_timestamp('23-7月 -23 07.05.14.624000000 下午','DD-MON-RR HH.MI.SSXFF AM'));
Insert into DESIGN.ENTER_EXIT (INFO_ID,CAR_NUMBER,ENTER_TIME,EXIT_TIME) values (13,'沪N87623',to_timestamp('23-7月 -23 07.20.38.211000000 上午','DD-MON-RR HH.MI.SSXFF AM'),to_timestamp('23-7月 -23 09.20.38.211000000 下午','DD-MON-RR HH.MI.SSXFF AM'));
Insert into DESIGN.ENTER_EXIT (INFO_ID,CAR_NUMBER,ENTER_TIME,EXIT_TIME) values (14,'浙P43829',to_timestamp('23-7月 -23 09.45.49.874000000 上午','DD-MON-RR HH.MI.SSXFF AM'),to_timestamp('23-7月 -23 11.45.49.874000000 下午','DD-MON-RR HH.MI.SSXFF AM'));
Insert into DESIGN.ENTER_EXIT (INFO_ID,CAR_NUMBER,ENTER_TIME,EXIT_TIME) values (15,'沪R75234',to_timestamp('23-7月 -23 12.05.06.763000000 下午','DD-MON-RR HH.MI.SSXFF AM'),to_timestamp('24-7月 -23 02.05.06.763000000 上午','DD-MON-RR HH.MI.SSXFF AM'));
Insert into DESIGN.ENTER_EXIT (INFO_ID,CAR_NUMBER,ENTER_TIME,EXIT_TIME) values (16,'沪C 85LM3',to_timestamp('23-7月 -23 02.30.59.480000000 下午','DD-MON-RR HH.MI.SSXFF AM'),to_timestamp('24-7月 -23 04.30.59.480000000 上午','DD-MON-RR HH.MI.SSXFF AM'));
REM INSERTING into DESIGN.GOODS
SET DEFINE OFF;
Insert into DESIGN.GOODS (GOODS_ID,CATEGORY,GOODS_NAME,INVENTORY) values (1,'清洁用品','84消毒液',50);
Insert into DESIGN.GOODS (GOODS_ID,CATEGORY,GOODS_NAME,INVENTORY) values (2,'洗浴用品','浴缸',51);
Insert into DESIGN.GOODS (GOODS_ID,CATEGORY,GOODS_NAME,INVENTORY) values (3,'床上用品','高级床垫',24);
Insert into DESIGN.GOODS (GOODS_ID,CATEGORY,GOODS_NAME,INVENTORY) values (4,'清洁用品','地板清洁剂',70);
Insert into DESIGN.GOODS (GOODS_ID,CATEGORY,GOODS_NAME,INVENTORY) values (5,'餐具','瓷质餐盘',41);
Insert into DESIGN.GOODS (GOODS_ID,CATEGORY,GOODS_NAME,INVENTORY) values (6,'茶具','精致茶杯',60);
Insert into DESIGN.GOODS (GOODS_ID,CATEGORY,GOODS_NAME,INVENTORY) values (7,'香氛','蜡烛',31);
Insert into DESIGN.GOODS (GOODS_ID,CATEGORY,GOODS_NAME,INVENTORY) values (8,'迎宾用品','迎宾水果篮',13);
Insert into DESIGN.GOODS (GOODS_ID,CATEGORY,GOODS_NAME,INVENTORY) values (9,'家具','沙发',9);
Insert into DESIGN.GOODS (GOODS_ID,CATEGORY,GOODS_NAME,INVENTORY) values (10,'卫生纸','三层卫生纸',80);
Insert into DESIGN.GOODS (GOODS_ID,CATEGORY,GOODS_NAME,INVENTORY) values (11,'暖气设备','电热毯',20);
Insert into DESIGN.GOODS (GOODS_ID,CATEGORY,GOODS_NAME,INVENTORY) values (12,'洗漱用品','牙刷牙膏套装',45);
Insert into DESIGN.GOODS (GOODS_ID,CATEGORY,GOODS_NAME,INVENTORY) values (13,'床上用品','枕头',60);
Insert into DESIGN.GOODS (GOODS_ID,CATEGORY,GOODS_NAME,INVENTORY) values (14,'清洁用品','玻璃清洁剂',30);
Insert into DESIGN.GOODS (GOODS_ID,CATEGORY,GOODS_NAME,INVENTORY) values (15,'餐具','不锈钢刀叉勺',80);
Insert into DESIGN.GOODS (GOODS_ID,CATEGORY,GOODS_NAME,INVENTORY) values (16,'茶具','茶壶',25);
Insert into DESIGN.GOODS (GOODS_ID,CATEGORY,GOODS_NAME,INVENTORY) values (17,'香氛','香薰精油',18);
Insert into DESIGN.GOODS (GOODS_ID,CATEGORY,GOODS_NAME,INVENTORY) values (18,'迎宾用品','迎宾巧克力',55);
Insert into DESIGN.GOODS (GOODS_ID,CATEGORY,GOODS_NAME,INVENTORY) values (19,'家具','床头柜',38);
Insert into DESIGN.GOODS (GOODS_ID,CATEGORY,GOODS_NAME,INVENTORY) values (20,'卫生纸','软抽纸',90);
Insert into DESIGN.GOODS (GOODS_ID,CATEGORY,GOODS_NAME,INVENTORY) values (21,'暖气设备','暖风机',12);
Insert into DESIGN.GOODS (GOODS_ID,CATEGORY,GOODS_NAME,INVENTORY) values (22,'洗浴用品','沐浴露',70);
Insert into DESIGN.GOODS (GOODS_ID,CATEGORY,GOODS_NAME,INVENTORY) values (23,'床上用品','羽绒被',22);
Insert into DESIGN.GOODS (GOODS_ID,CATEGORY,GOODS_NAME,INVENTORY) values (24,'清洁用品','洗衣液',50);
Insert into DESIGN.GOODS (GOODS_ID,CATEGORY,GOODS_NAME,INVENTORY) values (25,'餐具','陶瓷碗盘',68);
Insert into DESIGN.GOODS (GOODS_ID,CATEGORY,GOODS_NAME,INVENTORY) values (26,'茶具','玻璃茶壶',33);
Insert into DESIGN.GOODS (GOODS_ID,CATEGORY,GOODS_NAME,INVENTORY) values (27,'香氛','香熏蜡烛',28);
Insert into DESIGN.GOODS (GOODS_ID,CATEGORY,GOODS_NAME,INVENTORY) values (28,'迎宾用品','欢迎信封',42);
Insert into DESIGN.GOODS (GOODS_ID,CATEGORY,GOODS_NAME,INVENTORY) values (29,'家具','写字台',15);
Insert into DESIGN.GOODS (GOODS_ID,CATEGORY,GOODS_NAME,INVENTORY) values (30,'卫生纸','湿巾纸',75);
Insert into DESIGN.GOODS (GOODS_ID,CATEGORY,GOODS_NAME,INVENTORY) values (31,'暖气设备','电暖器',17);
REM INSERTING into DESIGN.LOCATION
SET DEFINE OFF;
Insert into DESIGN.LOCATION (LOCATION_ID,FLOOR,ROOM_ID,NOTE) values (1,1,1,'会议室A');
Insert into DESIGN.LOCATION (LOCATION_ID,FLOOR,ROOM_ID,NOTE) values (2,1,2,'办公室101');
Insert into DESIGN.LOCATION (LOCATION_ID,FLOOR,ROOM_ID,NOTE) values (3,1,3,'办公室102');
Insert into DESIGN.LOCATION (LOCATION_ID,FLOOR,ROOM_ID,NOTE) values (4,1,4,'会议室B');
Insert into DESIGN.LOCATION (LOCATION_ID,FLOOR,ROOM_ID,NOTE) values (5,1,5,'办公室103');
Insert into DESIGN.LOCATION (LOCATION_ID,FLOOR,ROOM_ID,NOTE) values (6,1,6,'办公室104');
Insert into DESIGN.LOCATION (LOCATION_ID,FLOOR,ROOM_ID,NOTE) values (7,2,7,'会议室C');
Insert into DESIGN.LOCATION (LOCATION_ID,FLOOR,ROOM_ID,NOTE) values (8,2,8,'办公室201');
Insert into DESIGN.LOCATION (LOCATION_ID,FLOOR,ROOM_ID,NOTE) values (9,2,9,'办公室202');
Insert into DESIGN.LOCATION (LOCATION_ID,FLOOR,ROOM_ID,NOTE) values (10,2,10,'会议室D');
Insert into DESIGN.LOCATION (LOCATION_ID,FLOOR,ROOM_ID,NOTE) values (11,2,11,'办公室203');
Insert into DESIGN.LOCATION (LOCATION_ID,FLOOR,ROOM_ID,NOTE) values (12,2,12,'办公室204');
Insert into DESIGN.LOCATION (LOCATION_ID,FLOOR,ROOM_ID,NOTE) values (13,3,13,'会议室E');
Insert into DESIGN.LOCATION (LOCATION_ID,FLOOR,ROOM_ID,NOTE) values (14,3,14,'办公室301');
Insert into DESIGN.LOCATION (LOCATION_ID,FLOOR,ROOM_ID,NOTE) values (15,3,15,'办公室302');
Insert into DESIGN.LOCATION (LOCATION_ID,FLOOR,ROOM_ID,NOTE) values (16,3,16,'会议室F');
Insert into DESIGN.LOCATION (LOCATION_ID,FLOOR,ROOM_ID,NOTE) values (17,3,17,'办公室303');
Insert into DESIGN.LOCATION (LOCATION_ID,FLOOR,ROOM_ID,NOTE) values (18,3,18,'办公室304');
REM INSERTING into DESIGN.MAINTAIN
SET DEFINE OFF;
Insert into DESIGN.MAINTAIN (ROOM_ID,EMP_ID,MAINTAIN_TIME,OBJECT,RESULT) values (1,9,to_timestamp('22-7月 -23 07.23.10.955000000 上午','DD-MON-RR HH.MI.SSXFF AM'),'桌子','已维修');
Insert into DESIGN.MAINTAIN (ROOM_ID,EMP_ID,MAINTAIN_TIME,OBJECT,RESULT) values (6,9,to_timestamp('22-8月 -22 08.14.13.955000000 上午','DD-MON-RR HH.MI.SSXFF AM'),'灯泡','已更换');
Insert into DESIGN.MAINTAIN (ROOM_ID,EMP_ID,MAINTAIN_TIME,OBJECT,RESULT) values (16,9,to_timestamp('10-5月 -23 06.12.10.955000000 上午','DD-MON-RR HH.MI.SSXFF AM'),'花洒','已更换');
Insert into DESIGN.MAINTAIN (ROOM_ID,EMP_ID,MAINTAIN_TIME,OBJECT,RESULT) values (14,9,to_timestamp('11-5月 -23 05.23.03.955000000 上午','DD-MON-RR HH.MI.SSXFF AM'),'窗户','已维修');
REM INSERTING into DESIGN.MYORDER
SET DEFINE OFF;
Insert into DESIGN.MYORDER (TABLE_ID,DISH_ID,ORDER_TIME,CONSUMPTION_RECORD_ID,ORDER_STATUS) values (3,10,to_timestamp('10-11月-22 12.30.00.000000000 下午','DD-MON-RR HH.MI.SSXFF AM'),null,'点单成功');
Insert into DESIGN.MYORDER (TABLE_ID,DISH_ID,ORDER_TIME,CONSUMPTION_RECORD_ID,ORDER_STATUS) values (6,15,to_timestamp('10-11月-22 01.45.00.000000000 下午','DD-MON-RR HH.MI.SSXFF AM'),null,'点单成功');
Insert into DESIGN.MYORDER (TABLE_ID,DISH_ID,ORDER_TIME,CONSUMPTION_RECORD_ID,ORDER_STATUS) values (9,21,to_timestamp('10-11月-22 03.00.00.000000000 下午','DD-MON-RR HH.MI.SSXFF AM'),null,'点单成功');
Insert into DESIGN.MYORDER (TABLE_ID,DISH_ID,ORDER_TIME,CONSUMPTION_RECORD_ID,ORDER_STATUS) values (12,5,to_timestamp('10-11月-22 04.15.00.000000000 下午','DD-MON-RR HH.MI.SSXFF AM'),null,'点单成功');
Insert into DESIGN.MYORDER (TABLE_ID,DISH_ID,ORDER_TIME,CONSUMPTION_RECORD_ID,ORDER_STATUS) values (15,11,to_timestamp('10-11月-22 05.30.00.000000000 下午','DD-MON-RR HH.MI.SSXFF AM'),null,'点单成功');
Insert into DESIGN.MYORDER (TABLE_ID,DISH_ID,ORDER_TIME,CONSUMPTION_RECORD_ID,ORDER_STATUS) values (3,17,to_timestamp('10-11月-22 06.45.00.000000000 下午','DD-MON-RR HH.MI.SSXFF AM'),null,'点单成功');
Insert into DESIGN.MYORDER (TABLE_ID,DISH_ID,ORDER_TIME,CONSUMPTION_RECORD_ID,ORDER_STATUS) values (6,6,to_timestamp('10-11月-22 08.00.00.000000000 下午','DD-MON-RR HH.MI.SSXFF AM'),null,'点单成功');
Insert into DESIGN.MYORDER (TABLE_ID,DISH_ID,ORDER_TIME,CONSUMPTION_RECORD_ID,ORDER_STATUS) values (9,13,to_timestamp('10-11月-22 09.15.00.000000000 下午','DD-MON-RR HH.MI.SSXFF AM'),null,'点单成功');
Insert into DESIGN.MYORDER (TABLE_ID,DISH_ID,ORDER_TIME,CONSUMPTION_RECORD_ID,ORDER_STATUS) values (12,19,to_timestamp('10-11月-22 10.30.00.000000000 下午','DD-MON-RR HH.MI.SSXFF AM'),null,'点单成功');
Insert into DESIGN.MYORDER (TABLE_ID,DISH_ID,ORDER_TIME,CONSUMPTION_RECORD_ID,ORDER_STATUS) values (15,9,to_timestamp('10-11月-22 11.45.00.000000000 下午','DD-MON-RR HH.MI.SSXFF AM'),null,'点单成功');
Insert into DESIGN.MYORDER (TABLE_ID,DISH_ID,ORDER_TIME,CONSUMPTION_RECORD_ID,ORDER_STATUS) values (3,3,to_timestamp('11-11月-22 12.00.00.000000000 上午','DD-MON-RR HH.MI.SSXFF AM'),null,'点单成功');
Insert into DESIGN.MYORDER (TABLE_ID,DISH_ID,ORDER_TIME,CONSUMPTION_RECORD_ID,ORDER_STATUS) values (6,20,to_timestamp('11-11月-22 01.15.00.000000000 上午','DD-MON-RR HH.MI.SSXFF AM'),null,'点单成功');
Insert into DESIGN.MYORDER (TABLE_ID,DISH_ID,ORDER_TIME,CONSUMPTION_RECORD_ID,ORDER_STATUS) values (9,14,to_timestamp('11-11月-22 02.30.00.000000000 上午','DD-MON-RR HH.MI.SSXFF AM'),null,'点单成功');
Insert into DESIGN.MYORDER (TABLE_ID,DISH_ID,ORDER_TIME,CONSUMPTION_RECORD_ID,ORDER_STATUS) values (12,7,to_timestamp('11-11月-22 03.45.00.000000000 上午','DD-MON-RR HH.MI.SSXFF AM'),null,'点单成功');
Insert into DESIGN.MYORDER (TABLE_ID,DISH_ID,ORDER_TIME,CONSUMPTION_RECORD_ID,ORDER_STATUS) values (15,12,to_timestamp('11-11月-22 04.00.00.000000000 上午','DD-MON-RR HH.MI.SSXFF AM'),null,'点单成功');
Insert into DESIGN.MYORDER (TABLE_ID,DISH_ID,ORDER_TIME,CONSUMPTION_RECORD_ID,ORDER_STATUS) values (3,18,to_timestamp('11-11月-22 05.15.00.000000000 上午','DD-MON-RR HH.MI.SSXFF AM'),null,'点单成功');
Insert into DESIGN.MYORDER (TABLE_ID,DISH_ID,ORDER_TIME,CONSUMPTION_RECORD_ID,ORDER_STATUS) values (6,8,to_timestamp('11-11月-22 06.30.00.000000000 上午','DD-MON-RR HH.MI.SSXFF AM'),null,'点单成功');
Insert into DESIGN.MYORDER (TABLE_ID,DISH_ID,ORDER_TIME,CONSUMPTION_RECORD_ID,ORDER_STATUS) values (9,1,to_timestamp('11-11月-22 07.45.00.000000000 上午','DD-MON-RR HH.MI.SSXFF AM'),null,'点单成功');
Insert into DESIGN.MYORDER (TABLE_ID,DISH_ID,ORDER_TIME,CONSUMPTION_RECORD_ID,ORDER_STATUS) values (12,16,to_timestamp('11-11月-22 09.00.00.000000000 上午','DD-MON-RR HH.MI.SSXFF AM'),null,'点单成功');
Insert into DESIGN.MYORDER (TABLE_ID,DISH_ID,ORDER_TIME,CONSUMPTION_RECORD_ID,ORDER_STATUS) values (15,10,to_timestamp('11-11月-22 10.15.00.000000000 上午','DD-MON-RR HH.MI.SSXFF AM'),null,'点单成功');
Insert into DESIGN.MYORDER (TABLE_ID,DISH_ID,ORDER_TIME,CONSUMPTION_RECORD_ID,ORDER_STATUS) values (3,4,to_timestamp('11-11月-22 11.30.00.000000000 上午','DD-MON-RR HH.MI.SSXFF AM'),null,'点单成功');
Insert into DESIGN.MYORDER (TABLE_ID,DISH_ID,ORDER_TIME,CONSUMPTION_RECORD_ID,ORDER_STATUS) values (6,19,to_timestamp('11-11月-22 12.45.00.000000000 下午','DD-MON-RR HH.MI.SSXFF AM'),null,'点单成功');
Insert into DESIGN.MYORDER (TABLE_ID,DISH_ID,ORDER_TIME,CONSUMPTION_RECORD_ID,ORDER_STATUS) values (9,13,to_timestamp('11-11月-22 02.00.00.000000000 下午','DD-MON-RR HH.MI.SSXFF AM'),null,'点单成功');
Insert into DESIGN.MYORDER (TABLE_ID,DISH_ID,ORDER_TIME,CONSUMPTION_RECORD_ID,ORDER_STATUS) values (12,7,to_timestamp('11-11月-22 03.15.00.000000000 下午','DD-MON-RR HH.MI.SSXFF AM'),null,'点单成功');
Insert into DESIGN.MYORDER (TABLE_ID,DISH_ID,ORDER_TIME,CONSUMPTION_RECORD_ID,ORDER_STATUS) values (15,11,to_timestamp('11-11月-22 04.30.00.000000000 下午','DD-MON-RR HH.MI.SSXFF AM'),null,'点单成功');
Insert into DESIGN.MYORDER (TABLE_ID,DISH_ID,ORDER_TIME,CONSUMPTION_RECORD_ID,ORDER_STATUS) values (3,15,to_timestamp('11-11月-22 05.45.00.000000000 下午','DD-MON-RR HH.MI.SSXFF AM'),null,'点单成功');
Insert into DESIGN.MYORDER (TABLE_ID,DISH_ID,ORDER_TIME,CONSUMPTION_RECORD_ID,ORDER_STATUS) values (6,2,to_timestamp('11-11月-22 07.00.00.000000000 下午','DD-MON-RR HH.MI.SSXFF AM'),null,'点单成功');
Insert into DESIGN.MYORDER (TABLE_ID,DISH_ID,ORDER_TIME,CONSUMPTION_RECORD_ID,ORDER_STATUS) values (9,18,to_timestamp('11-11月-22 08.15.00.000000000 下午','DD-MON-RR HH.MI.SSXFF AM'),null,'点单成功');
Insert into DESIGN.MYORDER (TABLE_ID,DISH_ID,ORDER_TIME,CONSUMPTION_RECORD_ID,ORDER_STATUS) values (12,9,to_timestamp('11-11月-22 09.30.00.000000000 下午','DD-MON-RR HH.MI.SSXFF AM'),null,'点单成功');
Insert into DESIGN.MYORDER (TABLE_ID,DISH_ID,ORDER_TIME,CONSUMPTION_RECORD_ID,ORDER_STATUS) values (15,3,to_timestamp('11-11月-22 10.45.00.000000000 下午','DD-MON-RR HH.MI.SSXFF AM'),null,'点单成功');
Insert into DESIGN.MYORDER (TABLE_ID,DISH_ID,ORDER_TIME,CONSUMPTION_RECORD_ID,ORDER_STATUS) values (3,12,to_timestamp('12-11月-22 12.00.00.000000000 上午','DD-MON-RR HH.MI.SSXFF AM'),null,'点单成功');
Insert into DESIGN.MYORDER (TABLE_ID,DISH_ID,ORDER_TIME,CONSUMPTION_RECORD_ID,ORDER_STATUS) values (6,6,to_timestamp('12-11月-22 01.15.00.000000000 上午','DD-MON-RR HH.MI.SSXFF AM'),null,'点单成功');
Insert into DESIGN.MYORDER (TABLE_ID,DISH_ID,ORDER_TIME,CONSUMPTION_RECORD_ID,ORDER_STATUS) values (9,21,to_timestamp('12-11月-22 02.30.00.000000000 上午','DD-MON-RR HH.MI.SSXFF AM'),null,'点单成功');
Insert into DESIGN.MYORDER (TABLE_ID,DISH_ID,ORDER_TIME,CONSUMPTION_RECORD_ID,ORDER_STATUS) values (12,16,to_timestamp('12-11月-22 03.45.00.000000000 上午','DD-MON-RR HH.MI.SSXFF AM'),null,'点单失败');
Insert into DESIGN.MYORDER (TABLE_ID,DISH_ID,ORDER_TIME,CONSUMPTION_RECORD_ID,ORDER_STATUS) values (15,9,to_timestamp('12-11月-22 05.00.00.000000000 上午','DD-MON-RR HH.MI.SSXFF AM'),null,'点单成功');
Insert into DESIGN.MYORDER (TABLE_ID,DISH_ID,ORDER_TIME,CONSUMPTION_RECORD_ID,ORDER_STATUS) values (3,4,to_timestamp('12-11月-22 06.15.00.000000000 上午','DD-MON-RR HH.MI.SSXFF AM'),null,'点单成功');
Insert into DESIGN.MYORDER (TABLE_ID,DISH_ID,ORDER_TIME,CONSUMPTION_RECORD_ID,ORDER_STATUS) values (6,19,to_timestamp('12-11月-22 07.30.00.000000000 上午','DD-MON-RR HH.MI.SSXFF AM'),null,'点单失败');
Insert into DESIGN.MYORDER (TABLE_ID,DISH_ID,ORDER_TIME,CONSUMPTION_RECORD_ID,ORDER_STATUS) values (9,13,to_timestamp('12-11月-22 08.45.00.000000000 上午','DD-MON-RR HH.MI.SSXFF AM'),null,'点单成功');
Insert into DESIGN.MYORDER (TABLE_ID,DISH_ID,ORDER_TIME,CONSUMPTION_RECORD_ID,ORDER_STATUS) values (12,7,to_timestamp('12-11月-22 10.00.00.000000000 上午','DD-MON-RR HH.MI.SSXFF AM'),null,'点单成功');
Insert into DESIGN.MYORDER (TABLE_ID,DISH_ID,ORDER_TIME,CONSUMPTION_RECORD_ID,ORDER_STATUS) values (15,11,to_timestamp('12-11月-22 11.15.00.000000000 上午','DD-MON-RR HH.MI.SSXFF AM'),null,'点单成功');
Insert into DESIGN.MYORDER (TABLE_ID,DISH_ID,ORDER_TIME,CONSUMPTION_RECORD_ID,ORDER_STATUS) values (3,10,to_timestamp('13-11月-22 12.30.00.000000000 下午','DD-MON-RR HH.MI.SSXFF AM'),null,'点单成功');
Insert into DESIGN.MYORDER (TABLE_ID,DISH_ID,ORDER_TIME,CONSUMPTION_RECORD_ID,ORDER_STATUS) values (6,15,to_timestamp('13-11月-22 01.45.00.000000000 下午','DD-MON-RR HH.MI.SSXFF AM'),null,'点单成功');
Insert into DESIGN.MYORDER (TABLE_ID,DISH_ID,ORDER_TIME,CONSUMPTION_RECORD_ID,ORDER_STATUS) values (9,21,to_timestamp('13-11月-22 03.00.00.000000000 下午','DD-MON-RR HH.MI.SSXFF AM'),null,'点单成功');
Insert into DESIGN.MYORDER (TABLE_ID,DISH_ID,ORDER_TIME,CONSUMPTION_RECORD_ID,ORDER_STATUS) values (12,5,to_timestamp('13-11月-22 04.15.00.000000000 下午','DD-MON-RR HH.MI.SSXFF AM'),null,'点单成功');
Insert into DESIGN.MYORDER (TABLE_ID,DISH_ID,ORDER_TIME,CONSUMPTION_RECORD_ID,ORDER_STATUS) values (15,11,to_timestamp('13-11月-22 05.30.00.000000000 下午','DD-MON-RR HH.MI.SSXFF AM'),null,'点单成功');
Insert into DESIGN.MYORDER (TABLE_ID,DISH_ID,ORDER_TIME,CONSUMPTION_RECORD_ID,ORDER_STATUS) values (3,17,to_timestamp('13-11月-22 06.45.00.000000000 下午','DD-MON-RR HH.MI.SSXFF AM'),null,'点单成功');
Insert into DESIGN.MYORDER (TABLE_ID,DISH_ID,ORDER_TIME,CONSUMPTION_RECORD_ID,ORDER_STATUS) values (6,6,to_timestamp('13-11月-22 08.00.00.000000000 下午','DD-MON-RR HH.MI.SSXFF AM'),null,'点单成功');
Insert into DESIGN.MYORDER (TABLE_ID,DISH_ID,ORDER_TIME,CONSUMPTION_RECORD_ID,ORDER_STATUS) values (9,13,to_timestamp('13-11月-22 09.15.00.000000000 下午','DD-MON-RR HH.MI.SSXFF AM'),null,'点单成功');
Insert into DESIGN.MYORDER (TABLE_ID,DISH_ID,ORDER_TIME,CONSUMPTION_RECORD_ID,ORDER_STATUS) values (12,19,to_timestamp('13-11月-22 10.30.00.000000000 下午','DD-MON-RR HH.MI.SSXFF AM'),null,'点单成功');
Insert into DESIGN.MYORDER (TABLE_ID,DISH_ID,ORDER_TIME,CONSUMPTION_RECORD_ID,ORDER_STATUS) values (15,9,to_timestamp('13-11月-22 11.45.00.000000000 下午','DD-MON-RR HH.MI.SSXFF AM'),null,'点单成功');
Insert into DESIGN.MYORDER (TABLE_ID,DISH_ID,ORDER_TIME,CONSUMPTION_RECORD_ID,ORDER_STATUS) values (3,3,to_timestamp('14-11月-22 12.00.00.000000000 上午','DD-MON-RR HH.MI.SSXFF AM'),null,'点单成功');
Insert into DESIGN.MYORDER (TABLE_ID,DISH_ID,ORDER_TIME,CONSUMPTION_RECORD_ID,ORDER_STATUS) values (6,20,to_timestamp('14-11月-22 01.15.00.000000000 上午','DD-MON-RR HH.MI.SSXFF AM'),null,'点单成功');
Insert into DESIGN.MYORDER (TABLE_ID,DISH_ID,ORDER_TIME,CONSUMPTION_RECORD_ID,ORDER_STATUS) values (9,14,to_timestamp('14-11月-22 02.30.00.000000000 上午','DD-MON-RR HH.MI.SSXFF AM'),null,'点单成功');
Insert into DESIGN.MYORDER (TABLE_ID,DISH_ID,ORDER_TIME,CONSUMPTION_RECORD_ID,ORDER_STATUS) values (12,7,to_timestamp('14-11月-22 03.45.00.000000000 上午','DD-MON-RR HH.MI.SSXFF AM'),null,'点单成功');
Insert into DESIGN.MYORDER (TABLE_ID,DISH_ID,ORDER_TIME,CONSUMPTION_RECORD_ID,ORDER_STATUS) values (15,12,to_timestamp('14-11月-22 04.00.00.000000000 上午','DD-MON-RR HH.MI.SSXFF AM'),null,'点单成功');
Insert into DESIGN.MYORDER (TABLE_ID,DISH_ID,ORDER_TIME,CONSUMPTION_RECORD_ID,ORDER_STATUS) values (3,18,to_timestamp('14-11月-22 05.15.00.000000000 上午','DD-MON-RR HH.MI.SSXFF AM'),null,'点单成功');
Insert into DESIGN.MYORDER (TABLE_ID,DISH_ID,ORDER_TIME,CONSUMPTION_RECORD_ID,ORDER_STATUS) values (6,8,to_timestamp('14-11月-22 06.30.00.000000000 上午','DD-MON-RR HH.MI.SSXFF AM'),null,'点单成功');
Insert into DESIGN.MYORDER (TABLE_ID,DISH_ID,ORDER_TIME,CONSUMPTION_RECORD_ID,ORDER_STATUS) values (9,1,to_timestamp('14-11月-22 07.45.00.000000000 上午','DD-MON-RR HH.MI.SSXFF AM'),null,'点单成功');
Insert into DESIGN.MYORDER (TABLE_ID,DISH_ID,ORDER_TIME,CONSUMPTION_RECORD_ID,ORDER_STATUS) values (12,16,to_timestamp('14-11月-22 09.00.00.000000000 上午','DD-MON-RR HH.MI.SSXFF AM'),null,'点单成功');
Insert into DESIGN.MYORDER (TABLE_ID,DISH_ID,ORDER_TIME,CONSUMPTION_RECORD_ID,ORDER_STATUS) values (15,10,to_timestamp('14-11月-22 10.15.00.000000000 上午','DD-MON-RR HH.MI.SSXFF AM'),null,'点单成功');
Insert into DESIGN.MYORDER (TABLE_ID,DISH_ID,ORDER_TIME,CONSUMPTION_RECORD_ID,ORDER_STATUS) values (3,4,to_timestamp('14-11月-22 11.30.00.000000000 上午','DD-MON-RR HH.MI.SSXFF AM'),null,'点单成功');
Insert into DESIGN.MYORDER (TABLE_ID,DISH_ID,ORDER_TIME,CONSUMPTION_RECORD_ID,ORDER_STATUS) values (6,19,to_timestamp('14-11月-22 12.45.00.000000000 下午','DD-MON-RR HH.MI.SSXFF AM'),null,'点单成功');
Insert into DESIGN.MYORDER (TABLE_ID,DISH_ID,ORDER_TIME,CONSUMPTION_RECORD_ID,ORDER_STATUS) values (9,13,to_timestamp('14-11月-22 02.00.00.000000000 下午','DD-MON-RR HH.MI.SSXFF AM'),null,'点单成功');
Insert into DESIGN.MYORDER (TABLE_ID,DISH_ID,ORDER_TIME,CONSUMPTION_RECORD_ID,ORDER_STATUS) values (12,7,to_timestamp('14-11月-22 03.15.00.000000000 下午','DD-MON-RR HH.MI.SSXFF AM'),null,'点单成功');
Insert into DESIGN.MYORDER (TABLE_ID,DISH_ID,ORDER_TIME,CONSUMPTION_RECORD_ID,ORDER_STATUS) values (15,11,to_timestamp('14-11月-22 04.30.00.000000000 下午','DD-MON-RR HH.MI.SSXFF AM'),null,'点单成功');
Insert into DESIGN.MYORDER (TABLE_ID,DISH_ID,ORDER_TIME,CONSUMPTION_RECORD_ID,ORDER_STATUS) values (3,15,to_timestamp('14-11月-22 05.45.00.000000000 下午','DD-MON-RR HH.MI.SSXFF AM'),null,'点单成功');
Insert into DESIGN.MYORDER (TABLE_ID,DISH_ID,ORDER_TIME,CONSUMPTION_RECORD_ID,ORDER_STATUS) values (6,2,to_timestamp('14-11月-22 07.00.00.000000000 下午','DD-MON-RR HH.MI.SSXFF AM'),null,'点单成功');
Insert into DESIGN.MYORDER (TABLE_ID,DISH_ID,ORDER_TIME,CONSUMPTION_RECORD_ID,ORDER_STATUS) values (9,18,to_timestamp('14-11月-22 08.15.00.000000000 下午','DD-MON-RR HH.MI.SSXFF AM'),null,'点单成功');
Insert into DESIGN.MYORDER (TABLE_ID,DISH_ID,ORDER_TIME,CONSUMPTION_RECORD_ID,ORDER_STATUS) values (12,9,to_timestamp('14-11月-22 09.30.00.000000000 下午','DD-MON-RR HH.MI.SSXFF AM'),null,'点单成功');
Insert into DESIGN.MYORDER (TABLE_ID,DISH_ID,ORDER_TIME,CONSUMPTION_RECORD_ID,ORDER_STATUS) values (15,3,to_timestamp('14-11月-22 10.45.00.000000000 下午','DD-MON-RR HH.MI.SSXFF AM'),null,'点单成功');
Insert into DESIGN.MYORDER (TABLE_ID,DISH_ID,ORDER_TIME,CONSUMPTION_RECORD_ID,ORDER_STATUS) values (3,12,to_timestamp('15-11月-22 12.00.00.000000000 上午','DD-MON-RR HH.MI.SSXFF AM'),null,'点单成功');
Insert into DESIGN.MYORDER (TABLE_ID,DISH_ID,ORDER_TIME,CONSUMPTION_RECORD_ID,ORDER_STATUS) values (6,6,to_timestamp('15-11月-22 01.15.00.000000000 上午','DD-MON-RR HH.MI.SSXFF AM'),null,'点单成功');
Insert into DESIGN.MYORDER (TABLE_ID,DISH_ID,ORDER_TIME,CONSUMPTION_RECORD_ID,ORDER_STATUS) values (9,21,to_timestamp('15-11月-22 02.30.00.000000000 上午','DD-MON-RR HH.MI.SSXFF AM'),null,'点单失败');
Insert into DESIGN.MYORDER (TABLE_ID,DISH_ID,ORDER_TIME,CONSUMPTION_RECORD_ID,ORDER_STATUS) values (12,16,to_timestamp('15-11月-22 03.45.00.000000000 上午','DD-MON-RR HH.MI.SSXFF AM'),null,'点单成功');
Insert into DESIGN.MYORDER (TABLE_ID,DISH_ID,ORDER_TIME,CONSUMPTION_RECORD_ID,ORDER_STATUS) values (15,9,to_timestamp('15-11月-22 05.00.00.000000000 上午','DD-MON-RR HH.MI.SSXFF AM'),null,'点单成功');
Insert into DESIGN.MYORDER (TABLE_ID,DISH_ID,ORDER_TIME,CONSUMPTION_RECORD_ID,ORDER_STATUS) values (3,4,to_timestamp('15-11月-22 06.15.00.000000000 上午','DD-MON-RR HH.MI.SSXFF AM'),null,'点单成功');
Insert into DESIGN.MYORDER (TABLE_ID,DISH_ID,ORDER_TIME,CONSUMPTION_RECORD_ID,ORDER_STATUS) values (6,19,to_timestamp('15-11月-22 07.30.00.000000000 上午','DD-MON-RR HH.MI.SSXFF AM'),null,'点单成功');
Insert into DESIGN.MYORDER (TABLE_ID,DISH_ID,ORDER_TIME,CONSUMPTION_RECORD_ID,ORDER_STATUS) values (9,13,to_timestamp('15-11月-22 08.45.00.000000000 上午','DD-MON-RR HH.MI.SSXFF AM'),null,'点单成功');
Insert into DESIGN.MYORDER (TABLE_ID,DISH_ID,ORDER_TIME,CONSUMPTION_RECORD_ID,ORDER_STATUS) values (12,7,to_timestamp('15-11月-22 10.00.00.000000000 上午','DD-MON-RR HH.MI.SSXFF AM'),null,'点单成功');
Insert into DESIGN.MYORDER (TABLE_ID,DISH_ID,ORDER_TIME,CONSUMPTION_RECORD_ID,ORDER_STATUS) values (15,11,to_timestamp('15-11月-22 11.15.00.000000000 上午','DD-MON-RR HH.MI.SSXFF AM'),null,'点单成功');
REM INSERTING into DESIGN.MYTABLE
SET DEFINE OFF;
Insert into DESIGN.MYTABLE (TABLE_ID,CAPACITY_NUM,TABLE_TYPE,TABLE_LOCATION,TABLE_STATUS,NOTE,BOOKABLE,AVAILABLE) values (1,10,'大桌','16B','空闲','适用于10人以上',1,1);
Insert into DESIGN.MYTABLE (TABLE_ID,CAPACITY_NUM,TABLE_TYPE,TABLE_LOCATION,TABLE_STATUS,NOTE,BOOKABLE,AVAILABLE) values (2,10,'大桌','16A','空闲','适用于10人以上',1,1);
Insert into DESIGN.MYTABLE (TABLE_ID,CAPACITY_NUM,TABLE_TYPE,TABLE_LOCATION,TABLE_STATUS,NOTE,BOOKABLE,AVAILABLE) values (3,6,'中桌','8A','使用中','生日宴会',1,0);
Insert into DESIGN.MYTABLE (TABLE_ID,CAPACITY_NUM,TABLE_TYPE,TABLE_LOCATION,TABLE_STATUS,NOTE,BOOKABLE,AVAILABLE) values (4,4,'小桌','10C','空闲','适用于3-5人',1,1);
Insert into DESIGN.MYTABLE (TABLE_ID,CAPACITY_NUM,TABLE_TYPE,TABLE_LOCATION,TABLE_STATUS,NOTE,BOOKABLE,AVAILABLE) values (5,2,'双人座','4B','故障','椅子损坏，暂停使用',0,0);
Insert into DESIGN.MYTABLE (TABLE_ID,CAPACITY_NUM,TABLE_TYPE,TABLE_LOCATION,TABLE_STATUS,NOTE,BOOKABLE,AVAILABLE) values (6,10,'大桌','12D','使用中','婚礼宴请',1,0);
Insert into DESIGN.MYTABLE (TABLE_ID,CAPACITY_NUM,TABLE_TYPE,TABLE_LOCATION,TABLE_STATUS,NOTE,BOOKABLE,AVAILABLE) values (7,6,'中桌','6C','空闲','适用于6-8人',1,1);
Insert into DESIGN.MYTABLE (TABLE_ID,CAPACITY_NUM,TABLE_TYPE,TABLE_LOCATION,TABLE_STATUS,NOTE,BOOKABLE,AVAILABLE) values (8,4,'小桌','9A','使用中','商务会议',1,0);
Insert into DESIGN.MYTABLE (TABLE_ID,CAPACITY_NUM,TABLE_TYPE,TABLE_LOCATION,TABLE_STATUS,NOTE,BOOKABLE,AVAILABLE) values (9,2,'双人座','3D','空闲','适用于1-2人',1,1);
Insert into DESIGN.MYTABLE (TABLE_ID,CAPACITY_NUM,TABLE_TYPE,TABLE_LOCATION,TABLE_STATUS,NOTE,BOOKABLE,AVAILABLE) values (10,10,'大桌','15C','空闲','此桌位适用于公司团建',1,1);
Insert into DESIGN.MYTABLE (TABLE_ID,CAPACITY_NUM,TABLE_TYPE,TABLE_LOCATION,TABLE_STATUS,NOTE,BOOKABLE,AVAILABLE) values (11,6,'中桌','7B','故障','桌面有划痕',0,0);
Insert into DESIGN.MYTABLE (TABLE_ID,CAPACITY_NUM,TABLE_TYPE,TABLE_LOCATION,TABLE_STATUS,NOTE,BOOKABLE,AVAILABLE) values (12,4,'小桌','11A','使用中','生日庆祝',1,0);
Insert into DESIGN.MYTABLE (TABLE_ID,CAPACITY_NUM,TABLE_TYPE,TABLE_LOCATION,TABLE_STATUS,NOTE,BOOKABLE,AVAILABLE) values (13,2,'双人座','5C','空闲','适用于1-2人',1,1);
Insert into DESIGN.MYTABLE (TABLE_ID,CAPACITY_NUM,TABLE_TYPE,TABLE_LOCATION,TABLE_STATUS,NOTE,BOOKABLE,AVAILABLE) values (14,10,'大桌','14D','空闲','适用于8-12人',1,1);
Insert into DESIGN.MYTABLE (TABLE_ID,CAPACITY_NUM,TABLE_TYPE,TABLE_LOCATION,TABLE_STATUS,NOTE,BOOKABLE,AVAILABLE) values (15,6,'中桌','8B','使用中','聚餐',1,0);
Insert into DESIGN.MYTABLE (TABLE_ID,CAPACITY_NUM,TABLE_TYPE,TABLE_LOCATION,TABLE_STATUS,NOTE,BOOKABLE,AVAILABLE) values (16,4,'小桌','10A','空闲','适用于3-5人',1,1);
REM INSERTING into DESIGN.PARKING
SET DEFINE OFF;
Insert into DESIGN.PARKING (PARKING_SPACE_ID,CAR_NUMBER,START_TIME,END_TIME) values (3,'沪A12345',to_timestamp('22-7月 -23 06.37.50.661000000 上午','DD-MON-RR HH.MI.SSXFF AM'),to_timestamp('22-7月 -23 04.37.50.661000000 下午','DD-MON-RR HH.MI.SSXFF AM'));
Insert into DESIGN.PARKING (PARKING_SPACE_ID,CAR_NUMBER,START_TIME,END_TIME) values (14,'浙F86420',to_timestamp('22-7月 -23 08.25.10.431000000 上午','DD-MON-RR HH.MI.SSXFF AM'),to_timestamp('22-7月 -23 06.25.10.431000000 下午','DD-MON-RR HH.MI.SSXFF AM'));
Insert into DESIGN.PARKING (PARKING_SPACE_ID,CAR_NUMBER,START_TIME,END_TIME) values (7,'沪C24680',to_timestamp('22-7月 -23 10.15.30.241000000 上午','DD-MON-RR HH.MI.SSXFF AM'),to_timestamp('22-7月 -23 08.15.30.241000000 下午','DD-MON-RR HH.MI.SSXFF AM'));
Insert into DESIGN.PARKING (PARKING_SPACE_ID,CAR_NUMBER,START_TIME,END_TIME) values (11,'浙H75319',to_timestamp('22-7月 -23 12.10.15.785000000 下午','DD-MON-RR HH.MI.SSXFF AM'),to_timestamp('23-7月 -23 12.10.15.785000000 上午','DD-MON-RR HH.MI.SSXFF AM'));
Insert into DESIGN.PARKING (PARKING_SPACE_ID,CAR_NUMBER,START_TIME,END_TIME) values (2,'沪E97531',to_timestamp('22-7月 -23 02.45.25.908000000 下午','DD-MON-RR HH.MI.SSXFF AM'),to_timestamp('23-7月 -23 04.45.25.908000000 上午','DD-MON-RR HH.MI.SSXFF AM'));
Insert into DESIGN.PARKING (PARKING_SPACE_ID,CAR_NUMBER,START_TIME,END_TIME) values (9,'沪J81357',to_timestamp('22-7月 -23 04.20.50.572000000 下午','DD-MON-RR HH.MI.SSXFF AM'),to_timestamp('23-7月 -23 06.20.50.572000000 上午','DD-MON-RR HH.MI.SSXFF AM'));
Insert into DESIGN.PARKING (PARKING_SPACE_ID,CAR_NUMBER,START_TIME,END_TIME) values (6,'浙D13579',to_timestamp('22-7月 -23 06.10.20.332000000 下午','DD-MON-RR HH.MI.SSXFF AM'),to_timestamp('23-7月 -23 08.10.20.332000000 上午','DD-MON-RR HH.MI.SSXFF AM'));
Insert into DESIGN.PARKING (PARKING_SPACE_ID,CAR_NUMBER,START_TIME,END_TIME) values (12,'浙M24768',to_timestamp('22-7月 -23 08.30.40.715000000 下午','DD-MON-RR HH.MI.SSXFF AM'),to_timestamp('23-7月 -23 10.30.40.715000000 上午','DD-MON-RR HH.MI.SSXFF AM'));
Insert into DESIGN.PARKING (PARKING_SPACE_ID,CAR_NUMBER,START_TIME,END_TIME) values (5,'浙B67890',to_timestamp('22-7月 -23 10.15.12.198000000 下午','DD-MON-RR HH.MI.SSXFF AM'),to_timestamp('23-7月 -23 12.15.12.198000000 下午','DD-MON-RR HH.MI.SSXFF AM'));
Insert into DESIGN.PARKING (PARKING_SPACE_ID,CAR_NUMBER,START_TIME,END_TIME) values (1,'沪G64280',to_timestamp('23-7月 -23 12.40.30.901000000 上午','DD-MON-RR HH.MI.SSXFF AM'),to_timestamp('23-7月 -23 02.40.30.901000000 下午','DD-MON-RR HH.MI.SSXFF AM'));
Insert into DESIGN.PARKING (PARKING_SPACE_ID,CAR_NUMBER,START_TIME,END_TIME) values (16,'浙P43829',to_timestamp('23-7月 -23 02.55.21.537000000 上午','DD-MON-RR HH.MI.SSXFF AM'),to_timestamp('23-7月 -23 04.55.21.537000000 下午','DD-MON-RR HH.MI.SSXFF AM'));
Insert into DESIGN.PARKING (PARKING_SPACE_ID,CAR_NUMBER,START_TIME,END_TIME) values (8,'浙K92546',to_timestamp('23-7月 -23 05.05.14.624000000 上午','DD-MON-RR HH.MI.SSXFF AM'),to_timestamp('23-7月 -23 07.05.14.624000000 下午','DD-MON-RR HH.MI.SSXFF AM'));
Insert into DESIGN.PARKING (PARKING_SPACE_ID,CAR_NUMBER,START_TIME,END_TIME) values (15,'沪L63584',to_timestamp('23-7月 -23 07.20.38.211000000 上午','DD-MON-RR HH.MI.SSXFF AM'),to_timestamp('23-7月 -23 09.20.38.211000000 下午','DD-MON-RR HH.MI.SSXFF AM'));
Insert into DESIGN.PARKING (PARKING_SPACE_ID,CAR_NUMBER,START_TIME,END_TIME) values (4,'沪N87623',to_timestamp('23-7月 -23 09.45.49.874000000 上午','DD-MON-RR HH.MI.SSXFF AM'),to_timestamp('23-7月 -23 11.45.49.874000000 下午','DD-MON-RR HH.MI.SSXFF AM'));
Insert into DESIGN.PARKING (PARKING_SPACE_ID,CAR_NUMBER,START_TIME,END_TIME) values (13,'沪R75234',to_timestamp('23-7月 -23 12.05.06.763000000 下午','DD-MON-RR HH.MI.SSXFF AM'),to_timestamp('24-7月 -23 02.05.06.763000000 上午','DD-MON-RR HH.MI.SSXFF AM'));
Insert into DESIGN.PARKING (PARKING_SPACE_ID,CAR_NUMBER,START_TIME,END_TIME) values (10,'沪C 85LM3',to_timestamp('23-7月 -23 02.30.59.480000000 下午','DD-MON-RR HH.MI.SSXFF AM'),to_timestamp('24-7月 -23 04.30.59.480000000 上午','DD-MON-RR HH.MI.SSXFF AM'));
REM INSERTING into DESIGN.PARK_PLACE
SET DEFINE OFF;
Insert into DESIGN.PARK_PLACE (PARKING_SPACE_ID,TYPE,AREA,STATUS) values (1,'通用','A','使用中');
Insert into DESIGN.PARK_PLACE (PARKING_SPACE_ID,TYPE,AREA,STATUS) values (2,'通用','A','空闲');
Insert into DESIGN.PARK_PLACE (PARKING_SPACE_ID,TYPE,AREA,STATUS) values (3,'通用','A','使用中');
Insert into DESIGN.PARK_PLACE (PARKING_SPACE_ID,TYPE,AREA,STATUS) values (4,'小型','A','空闲');
Insert into DESIGN.PARK_PLACE (PARKING_SPACE_ID,TYPE,AREA,STATUS) values (5,'中型','A','空闲');
Insert into DESIGN.PARK_PLACE (PARKING_SPACE_ID,TYPE,AREA,STATUS) values (6,'大型','A','使用中');
Insert into DESIGN.PARK_PLACE (PARKING_SPACE_ID,TYPE,AREA,STATUS) values (7,'通用','B','空闲');
Insert into DESIGN.PARK_PLACE (PARKING_SPACE_ID,TYPE,AREA,STATUS) values (8,'通用','B','空闲');
Insert into DESIGN.PARK_PLACE (PARKING_SPACE_ID,TYPE,AREA,STATUS) values (9,'通用','B','使用中');
Insert into DESIGN.PARK_PLACE (PARKING_SPACE_ID,TYPE,AREA,STATUS) values (10,'小型','B','空闲');
Insert into DESIGN.PARK_PLACE (PARKING_SPACE_ID,TYPE,AREA,STATUS) values (11,'中型','B','使用中');
Insert into DESIGN.PARK_PLACE (PARKING_SPACE_ID,TYPE,AREA,STATUS) values (12,'大型','B','空闲');
Insert into DESIGN.PARK_PLACE (PARKING_SPACE_ID,TYPE,AREA,STATUS) values (13,'地上通用停车位','C','使用中');
Insert into DESIGN.PARK_PLACE (PARKING_SPACE_ID,TYPE,AREA,STATUS) values (14,'地上通用停车位','C','空闲');
Insert into DESIGN.PARK_PLACE (PARKING_SPACE_ID,TYPE,AREA,STATUS) values (15,'地上通用停车位','C','使用中');
Insert into DESIGN.PARK_PLACE (PARKING_SPACE_ID,TYPE,AREA,STATUS) values (16,'地上通用停车位','C','使用中');
Insert into DESIGN.PARK_PLACE (PARKING_SPACE_ID,TYPE,AREA,STATUS) values (17,'地上通用停车位','C','使用中');
Insert into DESIGN.PARK_PLACE (PARKING_SPACE_ID,TYPE,AREA,STATUS) values (18,'地上通用停车位','C','空闲');
REM INSERTING into DESIGN.PAY
SET DEFINE OFF;
Insert into DESIGN.PAY (CUSTOMER_ID,BILL_ID,PAY_WAY,PAY_TIME,PAY_COUNT,STATUS) values (18,1,'银行卡',to_timestamp('22-7月 -23 06.27.16.422000000 上午','DD-MON-RR HH.MI.SSXFF AM'),200,'已支付');
Insert into DESIGN.PAY (CUSTOMER_ID,BILL_ID,PAY_WAY,PAY_TIME,PAY_COUNT,STATUS) values (3,2,'支付宝',to_timestamp('23-7月 -23 09.15.24.183000000 上午','DD-MON-RR HH.MI.SSXFF AM'),450,'已支付');
Insert into DESIGN.PAY (CUSTOMER_ID,BILL_ID,PAY_WAY,PAY_TIME,PAY_COUNT,STATUS) values (37,3,'微信支付',to_timestamp('24-7月 -23 11.42.09.567000000 上午','DD-MON-RR HH.MI.SSXFF AM'),430,'已支付');
Insert into DESIGN.PAY (CUSTOMER_ID,BILL_ID,PAY_WAY,PAY_TIME,PAY_COUNT,STATUS) values (9,4,'银行卡',to_timestamp('25-7月 -23 03.08.36.904000000 下午','DD-MON-RR HH.MI.SSXFF AM'),330,'已支付');
Insert into DESIGN.PAY (CUSTOMER_ID,BILL_ID,PAY_WAY,PAY_TIME,PAY_COUNT,STATUS) values (22,5,'支付宝',to_timestamp('26-7月 -23 06.55.12.671000000 下午','DD-MON-RR HH.MI.SSXFF AM'),240,'已支付');
Insert into DESIGN.PAY (CUSTOMER_ID,BILL_ID,PAY_WAY,PAY_TIME,PAY_COUNT,STATUS) values (43,6,'微信支付',to_timestamp('27-7月 -23 09.30.40.509000000 下午','DD-MON-RR HH.MI.SSXFF AM'),440,'已支付');
Insert into DESIGN.PAY (CUSTOMER_ID,BILL_ID,PAY_WAY,PAY_TIME,PAY_COUNT,STATUS) values (15,7,'银行卡',to_timestamp('28-7月 -23 09.12.18.875000000 上午','DD-MON-RR HH.MI.SSXFF AM'),335,'已支付');
Insert into DESIGN.PAY (CUSTOMER_ID,BILL_ID,PAY_WAY,PAY_TIME,PAY_COUNT,STATUS) values (30,8,'支付宝',to_timestamp('29-7月 -23 01.20.55.032000000 下午','DD-MON-RR HH.MI.SSXFF AM'),415,'已支付');
Insert into DESIGN.PAY (CUSTOMER_ID,BILL_ID,PAY_WAY,PAY_TIME,PAY_COUNT,STATUS) values (8,9,'微信支付',to_timestamp('30-7月 -23 05.45.33.249000000 下午','DD-MON-RR HH.MI.SSXFF AM'),430,'已支付');
Insert into DESIGN.PAY (CUSTOMER_ID,BILL_ID,PAY_WAY,PAY_TIME,PAY_COUNT,STATUS) values (26,10,'银行卡',to_timestamp('31-7月 -23 08.59.08.175000000 下午','DD-MON-RR HH.MI.SSXFF AM'),270,'已支付');
Insert into DESIGN.PAY (CUSTOMER_ID,BILL_ID,PAY_WAY,PAY_TIME,PAY_COUNT,STATUS) values (12,11,'支付宝',to_timestamp('01-8月 -23 06.27.16.422000000 上午','DD-MON-RR HH.MI.SSXFF AM'),450,'已支付');
Insert into DESIGN.PAY (CUSTOMER_ID,BILL_ID,PAY_WAY,PAY_TIME,PAY_COUNT,STATUS) values (32,12,'微信支付',to_timestamp('02-8月 -23 09.15.24.183000000 上午','DD-MON-RR HH.MI.SSXFF AM'),205,'已支付');
Insert into DESIGN.PAY (CUSTOMER_ID,BILL_ID,PAY_WAY,PAY_TIME,PAY_COUNT,STATUS) values (1,13,'银行卡',to_timestamp('03-8月 -23 11.42.09.567000000 上午','DD-MON-RR HH.MI.SSXFF AM'),430,'已支付');
Insert into DESIGN.PAY (CUSTOMER_ID,BILL_ID,PAY_WAY,PAY_TIME,PAY_COUNT,STATUS) values (20,14,'支付宝',to_timestamp('04-8月 -23 03.08.36.904000000 下午','DD-MON-RR HH.MI.SSXFF AM'),240,'已支付');
Insert into DESIGN.PAY (CUSTOMER_ID,BILL_ID,PAY_WAY,PAY_TIME,PAY_COUNT,STATUS) values (5,15,'微信支付',to_timestamp('05-8月 -23 06.55.12.671000000 下午','DD-MON-RR HH.MI.SSXFF AM'),440,'已支付');
Insert into DESIGN.PAY (CUSTOMER_ID,BILL_ID,PAY_WAY,PAY_TIME,PAY_COUNT,STATUS) values (25,16,'银行卡',to_timestamp('06-8月 -23 09.30.40.509000000 下午','DD-MON-RR HH.MI.SSXFF AM'),335,'已支付');
Insert into DESIGN.PAY (CUSTOMER_ID,BILL_ID,PAY_WAY,PAY_TIME,PAY_COUNT,STATUS) values (38,17,'支付宝',to_timestamp('07-8月 -23 09.12.18.875000000 上午','DD-MON-RR HH.MI.SSXFF AM'),415,'已支付');
Insert into DESIGN.PAY (CUSTOMER_ID,BILL_ID,PAY_WAY,PAY_TIME,PAY_COUNT,STATUS) values (10,18,'微信支付',to_timestamp('08-8月 -23 01.20.55.032000000 下午','DD-MON-RR HH.MI.SSXFF AM'),430,'已支付');
Insert into DESIGN.PAY (CUSTOMER_ID,BILL_ID,PAY_WAY,PAY_TIME,PAY_COUNT,STATUS) values (28,19,'银行卡',to_timestamp('09-8月 -23 05.45.33.249000000 下午','DD-MON-RR HH.MI.SSXFF AM'),270,'已支付');
Insert into DESIGN.PAY (CUSTOMER_ID,BILL_ID,PAY_WAY,PAY_TIME,PAY_COUNT,STATUS) values (14,20,'支付宝',to_timestamp('10-8月 -23 08.59.08.175000000 下午','DD-MON-RR HH.MI.SSXFF AM'),350,'已支付');
REM INSERTING into DESIGN.POST
SET DEFINE OFF;
Insert into DESIGN.POST (POST_ID,POST_NAME,DEPARTMENT_ID,AUTHORITY,POSITION_LEVEL,POSITION_SALARY,PAYMENT_TYPE,PAYMENT_BASE,INSURANCE,ACCUMULATION_FUNDS) values (1,'总经理',1,'酒店管理、重大事务决策','十级',12000,'养老保险','960','2400',600);
Insert into DESIGN.POST (POST_ID,POST_NAME,DEPARTMENT_ID,AUTHORITY,POSITION_LEVEL,POSITION_SALARY,PAYMENT_TYPE,PAYMENT_BASE,INSURANCE,ACCUMULATION_FUNDS) values (2,'厨师长',2,'餐厅所有事情决策','五级',10000,'养老保险','960','2400',600);
Insert into DESIGN.POST (POST_ID,POST_NAME,DEPARTMENT_ID,AUTHORITY,POSITION_LEVEL,POSITION_SALARY,PAYMENT_TYPE,PAYMENT_BASE,INSURANCE,ACCUMULATION_FUNDS) values (3,'财务总监',3,'负责公司管理财务','七级',8000,'养老保险','960','2400',600);
Insert into DESIGN.POST (POST_ID,POST_NAME,DEPARTMENT_ID,AUTHORITY,POSITION_LEVEL,POSITION_SALARY,PAYMENT_TYPE,PAYMENT_BASE,INSURANCE,ACCUMULATION_FUNDS) values (4,'人事部总监',4,'负责公司管理公司人事变动等','八级',10000,'养老保险','960','2400',600);
Insert into DESIGN.POST (POST_ID,POST_NAME,DEPARTMENT_ID,AUTHORITY,POSITION_LEVEL,POSITION_SALARY,PAYMENT_TYPE,PAYMENT_BASE,INSURANCE,ACCUMULATION_FUNDS) values (5,'HR',4,'负责为公司招聘新人以及面试等工作','五级',5000,'养老保险','960','2400',600);
Insert into DESIGN.POST (POST_ID,POST_NAME,DEPARTMENT_ID,AUTHORITY,POSITION_LEVEL,POSITION_SALARY,PAYMENT_TYPE,PAYMENT_BASE,INSURANCE,ACCUMULATION_FUNDS) values (6,'前台',5,'负责接待客人并提供信息','三级',3000,'养老保险','960','1200',600);
Insert into DESIGN.POST (POST_ID,POST_NAME,DEPARTMENT_ID,AUTHORITY,POSITION_LEVEL,POSITION_SALARY,PAYMENT_TYPE,PAYMENT_BASE,INSURANCE,ACCUMULATION_FUNDS) values (7,'保安',6,'负责巡视酒店并配合前台接待客人','三级',3000,'养老保险','960','1200',600);
Insert into DESIGN.POST (POST_ID,POST_NAME,DEPARTMENT_ID,AUTHORITY,POSITION_LEVEL,POSITION_SALARY,PAYMENT_TYPE,PAYMENT_BASE,INSURANCE,ACCUMULATION_FUNDS) values (8,'保洁',6,'负责打扫酒店卫生','三级',3000,'养老保险','960','1200',600);
Insert into DESIGN.POST (POST_ID,POST_NAME,DEPARTMENT_ID,AUTHORITY,POSITION_LEVEL,POSITION_SALARY,PAYMENT_TYPE,PAYMENT_BASE,INSURANCE,ACCUMULATION_FUNDS) values (9,'维修工人',6,'负责维护酒店设施','三级',3000,'养老保险','960','1200',600);
REM INSERTING into DESIGN.PURCHASE
SET DEFINE OFF;
Insert into DESIGN.PURCHASE (PURCHASE_ID,GOODS_ID,EMPLOYEE_ID,SUPPLIER_ID,PURCHASE_DATE,PURCHASE_QUANTITY,UNIT_PRICE) values (1,1,9,1,to_date('22-7月 -23','DD-MON-RR'),10,5);
Insert into DESIGN.PURCHASE (PURCHASE_ID,GOODS_ID,EMPLOYEE_ID,SUPPLIER_ID,PURCHASE_DATE,PURCHASE_QUANTITY,UNIT_PRICE) values (2,2,9,2,to_date('01-8月 -23','DD-MON-RR'),18,500);
Insert into DESIGN.PURCHASE (PURCHASE_ID,GOODS_ID,EMPLOYEE_ID,SUPPLIER_ID,PURCHASE_DATE,PURCHASE_QUANTITY,UNIT_PRICE) values (3,3,9,3,to_date('02-8月 -23','DD-MON-RR'),18,200);
Insert into DESIGN.PURCHASE (PURCHASE_ID,GOODS_ID,EMPLOYEE_ID,SUPPLIER_ID,PURCHASE_DATE,PURCHASE_QUANTITY,UNIT_PRICE) values (4,4,9,4,to_date('03-8月 -23','DD-MON-RR'),5,8);
Insert into DESIGN.PURCHASE (PURCHASE_ID,GOODS_ID,EMPLOYEE_ID,SUPPLIER_ID,PURCHASE_DATE,PURCHASE_QUANTITY,UNIT_PRICE) values (5,5,9,1,to_date('25-7月 -23','DD-MON-RR'),50,20);
Insert into DESIGN.PURCHASE (PURCHASE_ID,GOODS_ID,EMPLOYEE_ID,SUPPLIER_ID,PURCHASE_DATE,PURCHASE_QUANTITY,UNIT_PRICE) values (6,6,9,2,to_date('26-7月 -23','DD-MON-RR'),50,15);
Insert into DESIGN.PURCHASE (PURCHASE_ID,GOODS_ID,EMPLOYEE_ID,SUPPLIER_ID,PURCHASE_DATE,PURCHASE_QUANTITY,UNIT_PRICE) values (7,7,9,3,to_date('28-7月 -23','DD-MON-RR'),20,1);
Insert into DESIGN.PURCHASE (PURCHASE_ID,GOODS_ID,EMPLOYEE_ID,SUPPLIER_ID,PURCHASE_DATE,PURCHASE_QUANTITY,UNIT_PRICE) values (8,8,9,4,to_date('30-7月 -23','DD-MON-RR'),10,30);
Insert into DESIGN.PURCHASE (PURCHASE_ID,GOODS_ID,EMPLOYEE_ID,SUPPLIER_ID,PURCHASE_DATE,PURCHASE_QUANTITY,UNIT_PRICE) values (9,9,9,1,to_date('05-8月 -23','DD-MON-RR'),5,500);
Insert into DESIGN.PURCHASE (PURCHASE_ID,GOODS_ID,EMPLOYEE_ID,SUPPLIER_ID,PURCHASE_DATE,PURCHASE_QUANTITY,UNIT_PRICE) values (10,10,9,2,to_date('08-8月 -23','DD-MON-RR'),100,3);
Insert into DESIGN.PURCHASE (PURCHASE_ID,GOODS_ID,EMPLOYEE_ID,SUPPLIER_ID,PURCHASE_DATE,PURCHASE_QUANTITY,UNIT_PRICE) values (11,11,9,3,to_date('11-8月 -23','DD-MON-RR'),18,70);
Insert into DESIGN.PURCHASE (PURCHASE_ID,GOODS_ID,EMPLOYEE_ID,SUPPLIER_ID,PURCHASE_DATE,PURCHASE_QUANTITY,UNIT_PRICE) values (12,12,9,4,to_date('15-8月 -23','DD-MON-RR'),100,5);
Insert into DESIGN.PURCHASE (PURCHASE_ID,GOODS_ID,EMPLOYEE_ID,SUPPLIER_ID,PURCHASE_DATE,PURCHASE_QUANTITY,UNIT_PRICE) values (13,13,9,1,to_date('18-8月 -23','DD-MON-RR'),36,50);
Insert into DESIGN.PURCHASE (PURCHASE_ID,GOODS_ID,EMPLOYEE_ID,SUPPLIER_ID,PURCHASE_DATE,PURCHASE_QUANTITY,UNIT_PRICE) values (14,14,9,2,to_date('21-8月 -23','DD-MON-RR'),10,5);
Insert into DESIGN.PURCHASE (PURCHASE_ID,GOODS_ID,EMPLOYEE_ID,SUPPLIER_ID,PURCHASE_DATE,PURCHASE_QUANTITY,UNIT_PRICE) values (15,15,9,3,to_date('24-8月 -23','DD-MON-RR'),100,5);
Insert into DESIGN.PURCHASE (PURCHASE_ID,GOODS_ID,EMPLOYEE_ID,SUPPLIER_ID,PURCHASE_DATE,PURCHASE_QUANTITY,UNIT_PRICE) values (16,16,9,4,to_date('27-8月 -23','DD-MON-RR'),36,10);
Insert into DESIGN.PURCHASE (PURCHASE_ID,GOODS_ID,EMPLOYEE_ID,SUPPLIER_ID,PURCHASE_DATE,PURCHASE_QUANTITY,UNIT_PRICE) values (17,17,9,1,to_date('30-8月 -23','DD-MON-RR'),36,20);
Insert into DESIGN.PURCHASE (PURCHASE_ID,GOODS_ID,EMPLOYEE_ID,SUPPLIER_ID,PURCHASE_DATE,PURCHASE_QUANTITY,UNIT_PRICE) values (18,18,9,2,to_date('02-9月 -23','DD-MON-RR'),20,4);
Insert into DESIGN.PURCHASE (PURCHASE_ID,GOODS_ID,EMPLOYEE_ID,SUPPLIER_ID,PURCHASE_DATE,PURCHASE_QUANTITY,UNIT_PRICE) values (19,19,9,3,to_date('05-9月 -23','DD-MON-RR'),36,100);
Insert into DESIGN.PURCHASE (PURCHASE_ID,GOODS_ID,EMPLOYEE_ID,SUPPLIER_ID,PURCHASE_DATE,PURCHASE_QUANTITY,UNIT_PRICE) values (20,20,9,4,to_date('08-9月 -23','DD-MON-RR'),100,5);
Insert into DESIGN.PURCHASE (PURCHASE_ID,GOODS_ID,EMPLOYEE_ID,SUPPLIER_ID,PURCHASE_DATE,PURCHASE_QUANTITY,UNIT_PRICE) values (21,21,9,1,to_date('11-9月 -23','DD-MON-RR'),18,50);
Insert into DESIGN.PURCHASE (PURCHASE_ID,GOODS_ID,EMPLOYEE_ID,SUPPLIER_ID,PURCHASE_DATE,PURCHASE_QUANTITY,UNIT_PRICE) values (22,22,9,2,to_date('14-9月 -23','DD-MON-RR'),100,50);
Insert into DESIGN.PURCHASE (PURCHASE_ID,GOODS_ID,EMPLOYEE_ID,SUPPLIER_ID,PURCHASE_DATE,PURCHASE_QUANTITY,UNIT_PRICE) values (23,23,9,3,to_date('17-9月 -23','DD-MON-RR'),50,100);
Insert into DESIGN.PURCHASE (PURCHASE_ID,GOODS_ID,EMPLOYEE_ID,SUPPLIER_ID,PURCHASE_DATE,PURCHASE_QUANTITY,UNIT_PRICE) values (24,24,9,4,to_date('20-9月 -23','DD-MON-RR'),10,50);
Insert into DESIGN.PURCHASE (PURCHASE_ID,GOODS_ID,EMPLOYEE_ID,SUPPLIER_ID,PURCHASE_DATE,PURCHASE_QUANTITY,UNIT_PRICE) values (25,25,9,1,to_date('23-9月 -23','DD-MON-RR'),100,10);
Insert into DESIGN.PURCHASE (PURCHASE_ID,GOODS_ID,EMPLOYEE_ID,SUPPLIER_ID,PURCHASE_DATE,PURCHASE_QUANTITY,UNIT_PRICE) values (26,26,9,2,to_date('26-9月 -23','DD-MON-RR'),36,10);
Insert into DESIGN.PURCHASE (PURCHASE_ID,GOODS_ID,EMPLOYEE_ID,SUPPLIER_ID,PURCHASE_DATE,PURCHASE_QUANTITY,UNIT_PRICE) values (27,27,9,3,to_date('29-9月 -23','DD-MON-RR'),36,15);
Insert into DESIGN.PURCHASE (PURCHASE_ID,GOODS_ID,EMPLOYEE_ID,SUPPLIER_ID,PURCHASE_DATE,PURCHASE_QUANTITY,UNIT_PRICE) values (28,28,9,4,to_date('02-10月-23','DD-MON-RR'),100,1);
Insert into DESIGN.PURCHASE (PURCHASE_ID,GOODS_ID,EMPLOYEE_ID,SUPPLIER_ID,PURCHASE_DATE,PURCHASE_QUANTITY,UNIT_PRICE) values (29,29,9,1,to_date('05-10月-23','DD-MON-RR'),5,100);
Insert into DESIGN.PURCHASE (PURCHASE_ID,GOODS_ID,EMPLOYEE_ID,SUPPLIER_ID,PURCHASE_DATE,PURCHASE_QUANTITY,UNIT_PRICE) values (30,30,9,2,to_date('08-10月-23','DD-MON-RR'),100,5);
Insert into DESIGN.PURCHASE (PURCHASE_ID,GOODS_ID,EMPLOYEE_ID,SUPPLIER_ID,PURCHASE_DATE,PURCHASE_QUANTITY,UNIT_PRICE) values (31,31,9,3,to_date('11-10月-23','DD-MON-RR'),36,100);
REM INSERTING into DESIGN.ROOM
SET DEFINE OFF;
Insert into DESIGN.ROOM (ROOM_ID,TYPE_ID,ROOM_NUM,ROOM_PHONE,STATUS) values (1,1,101,'2101','已入住');
Insert into DESIGN.ROOM (ROOM_ID,TYPE_ID,ROOM_NUM,ROOM_PHONE,STATUS) values (2,2,102,'2102','已入住');
Insert into DESIGN.ROOM (ROOM_ID,TYPE_ID,ROOM_NUM,ROOM_PHONE,STATUS) values (3,3,103,'2103','已入住');
Insert into DESIGN.ROOM (ROOM_ID,TYPE_ID,ROOM_NUM,ROOM_PHONE,STATUS) values (4,4,104,'2104','已入住');
Insert into DESIGN.ROOM (ROOM_ID,TYPE_ID,ROOM_NUM,ROOM_PHONE,STATUS) values (5,5,105,'2105','已入住');
Insert into DESIGN.ROOM (ROOM_ID,TYPE_ID,ROOM_NUM,ROOM_PHONE,STATUS) values (6,6,106,'2106','已入住');
Insert into DESIGN.ROOM (ROOM_ID,TYPE_ID,ROOM_NUM,ROOM_PHONE,STATUS) values (7,1,201,'2201','已入住');
Insert into DESIGN.ROOM (ROOM_ID,TYPE_ID,ROOM_NUM,ROOM_PHONE,STATUS) values (8,2,202,'2202','已入住');
Insert into DESIGN.ROOM (ROOM_ID,TYPE_ID,ROOM_NUM,ROOM_PHONE,STATUS) values (9,3,203,'2203','已入住');
Insert into DESIGN.ROOM (ROOM_ID,TYPE_ID,ROOM_NUM,ROOM_PHONE,STATUS) values (10,4,204,'2204','已入住');
Insert into DESIGN.ROOM (ROOM_ID,TYPE_ID,ROOM_NUM,ROOM_PHONE,STATUS) values (11,5,205,'2205','已入住');
Insert into DESIGN.ROOM (ROOM_ID,TYPE_ID,ROOM_NUM,ROOM_PHONE,STATUS) values (12,6,206,'2206','已入住');
Insert into DESIGN.ROOM (ROOM_ID,TYPE_ID,ROOM_NUM,ROOM_PHONE,STATUS) values (13,1,301,'2301','已入住');
Insert into DESIGN.ROOM (ROOM_ID,TYPE_ID,ROOM_NUM,ROOM_PHONE,STATUS) values (14,2,302,'2302','已入住');
Insert into DESIGN.ROOM (ROOM_ID,TYPE_ID,ROOM_NUM,ROOM_PHONE,STATUS) values (15,3,303,'2303','已入住');
Insert into DESIGN.ROOM (ROOM_ID,TYPE_ID,ROOM_NUM,ROOM_PHONE,STATUS) values (16,4,304,'2304','已入住');
Insert into DESIGN.ROOM (ROOM_ID,TYPE_ID,ROOM_NUM,ROOM_PHONE,STATUS) values (17,5,305,'2305','已入住');
Insert into DESIGN.ROOM (ROOM_ID,TYPE_ID,ROOM_NUM,ROOM_PHONE,STATUS) values (18,6,306,'2306','已入住');
REM INSERTING into DESIGN.ROOMORDER
SET DEFINE OFF;
Insert into DESIGN.ROOMORDER (ORDER_ID,CUSTOMER_ID,TYPE_ID,EMP_ID,ORDER_STATUS,CREATE_TIME,NUM,EXPECT_IN_TIME,EXPECT_OUT_TIME,PRICE,NOTE) values (1,24,1,5,'未处理',to_timestamp('01-8月 -23 09.30.00.000000000 上午','DD-MON-RR HH.MI.SSXFF AM'),1,to_date('02-8月 -23','DD-MON-RR'),to_date('03-8月 -23','DD-MON-RR'),269,null);
Insert into DESIGN.ROOMORDER (ORDER_ID,CUSTOMER_ID,TYPE_ID,EMP_ID,ORDER_STATUS,CREATE_TIME,NUM,EXPECT_IN_TIME,EXPECT_OUT_TIME,PRICE,NOTE) values (2,38,1,5,'已处理',to_timestamp('02-8月 -23 10.15.00.000000000 上午','DD-MON-RR HH.MI.SSXFF AM'),1,to_date('03-8月 -23','DD-MON-RR'),to_date('04-8月 -23','DD-MON-RR'),269,null);
Insert into DESIGN.ROOMORDER (ORDER_ID,CUSTOMER_ID,TYPE_ID,EMP_ID,ORDER_STATUS,CREATE_TIME,NUM,EXPECT_IN_TIME,EXPECT_OUT_TIME,PRICE,NOTE) values (3,15,1,5,'未处理',to_timestamp('03-8月 -23 11.45.00.000000000 上午','DD-MON-RR HH.MI.SSXFF AM'),1,to_date('04-8月 -23','DD-MON-RR'),to_date('05-8月 -23','DD-MON-RR'),269,null);
Insert into DESIGN.ROOMORDER (ORDER_ID,CUSTOMER_ID,TYPE_ID,EMP_ID,ORDER_STATUS,CREATE_TIME,NUM,EXPECT_IN_TIME,EXPECT_OUT_TIME,PRICE,NOTE) values (4,7,2,5,'未处理',to_timestamp('04-8月 -23 09.30.00.000000000 上午','DD-MON-RR HH.MI.SSXFF AM'),1,to_date('05-8月 -23','DD-MON-RR'),to_date('06-8月 -23','DD-MON-RR'),199,null);
Insert into DESIGN.ROOMORDER (ORDER_ID,CUSTOMER_ID,TYPE_ID,EMP_ID,ORDER_STATUS,CREATE_TIME,NUM,EXPECT_IN_TIME,EXPECT_OUT_TIME,PRICE,NOTE) values (5,29,2,5,'已处理',to_timestamp('05-8月 -23 10.15.00.000000000 上午','DD-MON-RR HH.MI.SSXFF AM'),1,to_date('06-8月 -23','DD-MON-RR'),to_date('07-8月 -23','DD-MON-RR'),199,null);
Insert into DESIGN.ROOMORDER (ORDER_ID,CUSTOMER_ID,TYPE_ID,EMP_ID,ORDER_STATUS,CREATE_TIME,NUM,EXPECT_IN_TIME,EXPECT_OUT_TIME,PRICE,NOTE) values (6,43,2,5,'未处理',to_timestamp('06-8月 -23 11.00.00.000000000 上午','DD-MON-RR HH.MI.SSXFF AM'),1,to_date('07-8月 -23','DD-MON-RR'),to_date('08-8月 -23','DD-MON-RR'),199,null);
Insert into DESIGN.ROOMORDER (ORDER_ID,CUSTOMER_ID,TYPE_ID,EMP_ID,ORDER_STATUS,CREATE_TIME,NUM,EXPECT_IN_TIME,EXPECT_OUT_TIME,PRICE,NOTE) values (7,11,3,5,'未处理',to_timestamp('07-8月 -23 09.45.00.000000000 上午','DD-MON-RR HH.MI.SSXFF AM'),1,to_date('08-8月 -23','DD-MON-RR'),to_date('09-8月 -23','DD-MON-RR'),699,null);
Insert into DESIGN.ROOMORDER (ORDER_ID,CUSTOMER_ID,TYPE_ID,EMP_ID,ORDER_STATUS,CREATE_TIME,NUM,EXPECT_IN_TIME,EXPECT_OUT_TIME,PRICE,NOTE) values (8,33,3,5,'未处理',to_timestamp('08-8月 -23 10.30.00.000000000 上午','DD-MON-RR HH.MI.SSXFF AM'),1,to_date('09-8月 -23','DD-MON-RR'),to_date('10-8月 -23','DD-MON-RR'),699,null);
Insert into DESIGN.ROOMORDER (ORDER_ID,CUSTOMER_ID,TYPE_ID,EMP_ID,ORDER_STATUS,CREATE_TIME,NUM,EXPECT_IN_TIME,EXPECT_OUT_TIME,PRICE,NOTE) values (9,18,3,5,'未处理',to_timestamp('09-8月 -23 11.15.00.000000000 上午','DD-MON-RR HH.MI.SSXFF AM'),1,to_date('10-8月 -23','DD-MON-RR'),to_date('11-8月 -23','DD-MON-RR'),699,null);
Insert into DESIGN.ROOMORDER (ORDER_ID,CUSTOMER_ID,TYPE_ID,EMP_ID,ORDER_STATUS,CREATE_TIME,NUM,EXPECT_IN_TIME,EXPECT_OUT_TIME,PRICE,NOTE) values (10,1,4,5,'未处理',to_timestamp('10-8月 -23 09.00.00.000000000 上午','DD-MON-RR HH.MI.SSXFF AM'),1,to_date('11-8月 -23','DD-MON-RR'),to_date('12-8月 -23','DD-MON-RR'),329,null);
Insert into DESIGN.ROOMORDER (ORDER_ID,CUSTOMER_ID,TYPE_ID,EMP_ID,ORDER_STATUS,CREATE_TIME,NUM,EXPECT_IN_TIME,EXPECT_OUT_TIME,PRICE,NOTE) values (11,42,4,5,'已取消',to_timestamp('11-8月 -23 10.45.00.000000000 上午','DD-MON-RR HH.MI.SSXFF AM'),1,to_date('12-8月 -23','DD-MON-RR'),to_date('13-8月 -23','DD-MON-RR'),329,null);
Insert into DESIGN.ROOMORDER (ORDER_ID,CUSTOMER_ID,TYPE_ID,EMP_ID,ORDER_STATUS,CREATE_TIME,NUM,EXPECT_IN_TIME,EXPECT_OUT_TIME,PRICE,NOTE) values (12,10,4,5,'未处理',to_timestamp('12-8月 -23 11.30.00.000000000 上午','DD-MON-RR HH.MI.SSXFF AM'),1,to_date('13-8月 -23','DD-MON-RR'),to_date('14-8月 -23','DD-MON-RR'),329,null);
Insert into DESIGN.ROOMORDER (ORDER_ID,CUSTOMER_ID,TYPE_ID,EMP_ID,ORDER_STATUS,CREATE_TIME,NUM,EXPECT_IN_TIME,EXPECT_OUT_TIME,PRICE,NOTE) values (13,4,5,5,'未处理',to_timestamp('13-8月 -23 09.15.00.000000000 上午','DD-MON-RR HH.MI.SSXFF AM'),1,to_date('14-8月 -23','DD-MON-RR'),to_date('15-8月 -23','DD-MON-RR'),499,null);
Insert into DESIGN.ROOMORDER (ORDER_ID,CUSTOMER_ID,TYPE_ID,EMP_ID,ORDER_STATUS,CREATE_TIME,NUM,EXPECT_IN_TIME,EXPECT_OUT_TIME,PRICE,NOTE) values (14,28,5,5,'未处理',to_timestamp('14-8月 -23 10.00.00.000000000 上午','DD-MON-RR HH.MI.SSXFF AM'),1,to_date('15-8月 -23','DD-MON-RR'),to_date('16-8月 -23','DD-MON-RR'),499,null);
Insert into DESIGN.ROOMORDER (ORDER_ID,CUSTOMER_ID,TYPE_ID,EMP_ID,ORDER_STATUS,CREATE_TIME,NUM,EXPECT_IN_TIME,EXPECT_OUT_TIME,PRICE,NOTE) values (15,21,5,5,'未处理',to_timestamp('15-8月 -23 10.30.00.000000000 上午','DD-MON-RR HH.MI.SSXFF AM'),1,to_date('16-8月 -23','DD-MON-RR'),to_date('17-8月 -23','DD-MON-RR'),499,null);
Insert into DESIGN.ROOMORDER (ORDER_ID,CUSTOMER_ID,TYPE_ID,EMP_ID,ORDER_STATUS,CREATE_TIME,NUM,EXPECT_IN_TIME,EXPECT_OUT_TIME,PRICE,NOTE) values (16,14,6,5,'未处理',to_timestamp('16-8月 -23 08.45.00.000000000 上午','DD-MON-RR HH.MI.SSXFF AM'),1,to_date('17-8月 -23','DD-MON-RR'),to_date('18-8月 -23','DD-MON-RR'),799,null);
Insert into DESIGN.ROOMORDER (ORDER_ID,CUSTOMER_ID,TYPE_ID,EMP_ID,ORDER_STATUS,CREATE_TIME,NUM,EXPECT_IN_TIME,EXPECT_OUT_TIME,PRICE,NOTE) values (17,37,6,5,'未处理',to_timestamp('17-8月 -23 09.15.00.000000000 上午','DD-MON-RR HH.MI.SSXFF AM'),1,to_date('18-8月 -23','DD-MON-RR'),to_date('19-8月 -23','DD-MON-RR'),799,null);
Insert into DESIGN.ROOMORDER (ORDER_ID,CUSTOMER_ID,TYPE_ID,EMP_ID,ORDER_STATUS,CREATE_TIME,NUM,EXPECT_IN_TIME,EXPECT_OUT_TIME,PRICE,NOTE) values (18,3,6,5,'未处理',to_timestamp('18-8月 -23 10.30.00.000000000 上午','DD-MON-RR HH.MI.SSXFF AM'),1,to_date('19-8月 -23','DD-MON-RR'),to_date('20-8月 -23','DD-MON-RR'),799,null);
REM INSERTING into DESIGN.ROOMTYPE
SET DEFINE OFF;
Insert into DESIGN.ROOMTYPE (TYPE_ID,TYPE_NAME,PRICE,NOTE,REMAINING) values (1,'双人间',269,null,1);
Insert into DESIGN.ROOMTYPE (TYPE_ID,TYPE_NAME,PRICE,NOTE,REMAINING) values (2,'标准间',199,'双床房，附早餐',5);
Insert into DESIGN.ROOMTYPE (TYPE_ID,TYPE_NAME,PRICE,NOTE,REMAINING) values (3,'豪华套房',699,'大床房，带客厅和阳台',2);
Insert into DESIGN.ROOMTYPE (TYPE_ID,TYPE_NAME,PRICE,NOTE,REMAINING) values (4,'家庭房',329,'双床房，可容纳4人',3);
Insert into DESIGN.ROOMTYPE (TYPE_ID,TYPE_NAME,PRICE,NOTE,REMAINING) values (5,'观景房',499,'大床房，可欣赏美丽风景',1);
Insert into DESIGN.ROOMTYPE (TYPE_ID,TYPE_NAME,PRICE,NOTE,REMAINING) values (6,'行政套房',799,'双床房，专属行政待遇',2);
REM INSERTING into DESIGN.SALARY
SET DEFINE OFF;
Insert into DESIGN.SALARY (ASSETS_ID,EMP_ID,YEAR,MONTH,BONUS,HOLIDAY_ALLOWANCE,OTHER_ALLOWANCE,COMMISSION,YEAR_END_BONUS,OVERTIME_PAY,REWARD_TYPE,REWARD_AMOUNT,LATE_DEDUCTION,EARLY_DEPARTURE_DEDUCTION,INCOME_TAX,SOCIAL_INSURANCE,GROSS_SALARY,NET_SALARY) values (1,1,2023,8,1200,600,250,0,1800,350,'年终奖',900,250,120,550,2500,10000,10000);
Insert into DESIGN.SALARY (ASSETS_ID,EMP_ID,YEAR,MONTH,BONUS,HOLIDAY_ALLOWANCE,OTHER_ALLOWANCE,COMMISSION,YEAR_END_BONUS,OVERTIME_PAY,REWARD_TYPE,REWARD_AMOUNT,LATE_DEDUCTION,EARLY_DEPARTURE_DEDUCTION,INCOME_TAX,SOCIAL_INSURANCE,GROSS_SALARY,NET_SALARY) values (2,2,2023,8,1200,600,250,0,1800,350,'年终奖',900,250,120,550,2500,10000,10000);
Insert into DESIGN.SALARY (ASSETS_ID,EMP_ID,YEAR,MONTH,BONUS,HOLIDAY_ALLOWANCE,OTHER_ALLOWANCE,COMMISSION,YEAR_END_BONUS,OVERTIME_PAY,REWARD_TYPE,REWARD_AMOUNT,LATE_DEDUCTION,EARLY_DEPARTURE_DEDUCTION,INCOME_TAX,SOCIAL_INSURANCE,GROSS_SALARY,NET_SALARY) values (3,3,2023,8,800,400,150,0,1000,200,'年终奖',500,150,80,400,2100,8000,8000);
Insert into DESIGN.SALARY (ASSETS_ID,EMP_ID,YEAR,MONTH,BONUS,HOLIDAY_ALLOWANCE,OTHER_ALLOWANCE,COMMISSION,YEAR_END_BONUS,OVERTIME_PAY,REWARD_TYPE,REWARD_AMOUNT,LATE_DEDUCTION,EARLY_DEPARTURE_DEDUCTION,INCOME_TAX,SOCIAL_INSURANCE,GROSS_SALARY,NET_SALARY) values (4,4,2023,8,900,450,180,0,1200,250,'年终奖',600,180,90,450,2200,10000,10000);
Insert into DESIGN.SALARY (ASSETS_ID,EMP_ID,YEAR,MONTH,BONUS,HOLIDAY_ALLOWANCE,OTHER_ALLOWANCE,COMMISSION,YEAR_END_BONUS,OVERTIME_PAY,REWARD_TYPE,REWARD_AMOUNT,LATE_DEDUCTION,EARLY_DEPARTURE_DEDUCTION,INCOME_TAX,SOCIAL_INSURANCE,GROSS_SALARY,NET_SALARY) values (5,5,2023,8,1100,550,220,0,1400,280,'年终奖',700,220,110,470,2300,5000,5000);
Insert into DESIGN.SALARY (ASSETS_ID,EMP_ID,YEAR,MONTH,BONUS,HOLIDAY_ALLOWANCE,OTHER_ALLOWANCE,COMMISSION,YEAR_END_BONUS,OVERTIME_PAY,REWARD_TYPE,REWARD_AMOUNT,LATE_DEDUCTION,EARLY_DEPARTURE_DEDUCTION,INCOME_TAX,SOCIAL_INSURANCE,GROSS_SALARY,NET_SALARY) values (6,6,2023,8,600,300,120,0,800,150,'年终奖',300,120,60,350,1800,3000,3000);
Insert into DESIGN.SALARY (ASSETS_ID,EMP_ID,YEAR,MONTH,BONUS,HOLIDAY_ALLOWANCE,OTHER_ALLOWANCE,COMMISSION,YEAR_END_BONUS,OVERTIME_PAY,REWARD_TYPE,REWARD_AMOUNT,LATE_DEDUCTION,EARLY_DEPARTURE_DEDUCTION,INCOME_TAX,SOCIAL_INSURANCE,GROSS_SALARY,NET_SALARY) values (7,7,2023,8,700,350,140,0,900,180,'年终奖',400,140,70,380,2000,3000,3000);
Insert into DESIGN.SALARY (ASSETS_ID,EMP_ID,YEAR,MONTH,BONUS,HOLIDAY_ALLOWANCE,OTHER_ALLOWANCE,COMMISSION,YEAR_END_BONUS,OVERTIME_PAY,REWARD_TYPE,REWARD_AMOUNT,LATE_DEDUCTION,EARLY_DEPARTURE_DEDUCTION,INCOME_TAX,SOCIAL_INSURANCE,GROSS_SALARY,NET_SALARY) values (8,8,2023,8,700,350,140,0,900,180,'年终奖',400,140,70,380,2000,3000,3000);
Insert into DESIGN.SALARY (ASSETS_ID,EMP_ID,YEAR,MONTH,BONUS,HOLIDAY_ALLOWANCE,OTHER_ALLOWANCE,COMMISSION,YEAR_END_BONUS,OVERTIME_PAY,REWARD_TYPE,REWARD_AMOUNT,LATE_DEDUCTION,EARLY_DEPARTURE_DEDUCTION,INCOME_TAX,SOCIAL_INSURANCE,GROSS_SALARY,NET_SALARY) values (9,9,2023,8,700,350,140,0,900,180,'年终奖',400,140,70,380,2000,3000,3000);
REM INSERTING into DESIGN.SCRAP
SET DEFINE OFF;
Insert into DESIGN.SCRAP (EMP_ID,ASSET_ID,SCRAP_TIME,SCRAP_REASON) values (9,1,to_timestamp('22-7月 -23 07.39.22.608000000 上午','DD-MON-RR HH.MI.SSXFF AM'),'报废');
REM INSERTING into DESIGN.SERVICE
SET DEFINE OFF;
Insert into DESIGN.SERVICE (CUSTOMER_ID,EMP_ID,SERVICE_TIME,SERVICE_TYPE,RESULT) values (28,6,to_timestamp('15-5月 -22 06.30.00.000000000 下午','DD-MON-RR HH.MI.SSXFF AM'),'送夜宵','已完成');
Insert into DESIGN.SERVICE (CUSTOMER_ID,EMP_ID,SERVICE_TIME,SERVICE_TYPE,RESULT) values (14,6,to_timestamp('28-9月 -22 02.45.00.000000000 下午','DD-MON-RR HH.MI.SSXFF AM'),'保洁','已完成');
Insert into DESIGN.SERVICE (CUSTOMER_ID,EMP_ID,SERVICE_TIME,SERVICE_TYPE,RESULT) values (42,6,to_timestamp('05-11月-22 10.20.00.000000000 上午','DD-MON-RR HH.MI.SSXFF AM'),'维修','已完成');
Insert into DESIGN.SERVICE (CUSTOMER_ID,EMP_ID,SERVICE_TIME,SERVICE_TYPE,RESULT) values (7,6,to_timestamp('20-12月-22 08.15.00.000000000 上午','DD-MON-RR HH.MI.SSXFF AM'),'送餐','已完成');
Insert into DESIGN.SERVICE (CUSTOMER_ID,EMP_ID,SERVICE_TIME,SERVICE_TYPE,RESULT) values (36,6,to_timestamp('14-2月 -23 04.50.00.000000000 下午','DD-MON-RR HH.MI.SSXFF AM'),'保洁','已完成');
Insert into DESIGN.SERVICE (CUSTOMER_ID,EMP_ID,SERVICE_TIME,SERVICE_TYPE,RESULT) values (19,6,to_timestamp('10-4月 -23 10.05.00.000000000 下午','DD-MON-RR HH.MI.SSXFF AM'),'维修','已完成');
Insert into DESIGN.SERVICE (CUSTOMER_ID,EMP_ID,SERVICE_TIME,SERVICE_TYPE,RESULT) values (2,6,to_timestamp('08-6月 -23 12.30.00.000000000 下午','DD-MON-RR HH.MI.SSXFF AM'),'送餐','已完成');
Insert into DESIGN.SERVICE (CUSTOMER_ID,EMP_ID,SERVICE_TIME,SERVICE_TYPE,RESULT) values (10,6,to_timestamp('17-8月 -23 09.55.00.000000000 上午','DD-MON-RR HH.MI.SSXFF AM'),'维修','已完成');
Insert into DESIGN.SERVICE (CUSTOMER_ID,EMP_ID,SERVICE_TIME,SERVICE_TYPE,RESULT) values (45,6,to_timestamp('22-10月-23 07.40.00.000000000 下午','DD-MON-RR HH.MI.SSXFF AM'),'送餐','已完成');
Insert into DESIGN.SERVICE (CUSTOMER_ID,EMP_ID,SERVICE_TIME,SERVICE_TYPE,RESULT) values (31,6,to_timestamp('05-12月-23 03.25.00.000000000 下午','DD-MON-RR HH.MI.SSXFF AM'),'保洁','已完成');
REM INSERTING into DESIGN.STAGING
SET DEFINE OFF;
Insert into DESIGN.STAGING (LUGGAGE_ID,CUSTOMER_ID,STAGING_TIME,FETCH_TIME,LUGGAGE_TYPE) values (1,1,to_timestamp('22-7月 -23 07.06.01.548000000 上午','DD-MON-RR HH.MI.SSXFF AM'),to_timestamp('22-7月 -23 09.06.01.548000000 上午','DD-MON-RR HH.MI.SSXFF AM'),'行李箱');
Insert into DESIGN.STAGING (LUGGAGE_ID,CUSTOMER_ID,STAGING_TIME,FETCH_TIME,LUGGAGE_TYPE) values (2,2,to_timestamp('21-7月 -23 08.30.00.000000000 上午','DD-MON-RR HH.MI.SSXFF AM'),to_timestamp('21-7月 -23 09.45.00.000000000 上午','DD-MON-RR HH.MI.SSXFF AM'),'背包');
Insert into DESIGN.STAGING (LUGGAGE_ID,CUSTOMER_ID,STAGING_TIME,FETCH_TIME,LUGGAGE_TYPE) values (3,3,to_timestamp('20-7月 -23 10.15.00.000000000 上午','DD-MON-RR HH.MI.SSXFF AM'),to_timestamp('20-7月 -23 12.00.00.000000000 下午','DD-MON-RR HH.MI.SSXFF AM'),'大型行李');
Insert into DESIGN.STAGING (LUGGAGE_ID,CUSTOMER_ID,STAGING_TIME,FETCH_TIME,LUGGAGE_TYPE) values (4,4,to_timestamp('19-7月 -23 12.00.00.000000000 下午','DD-MON-RR HH.MI.SSXFF AM'),to_timestamp('19-7月 -23 03.30.00.000000000 下午','DD-MON-RR HH.MI.SSXFF AM'),'手提箱');
Insert into DESIGN.STAGING (LUGGAGE_ID,CUSTOMER_ID,STAGING_TIME,FETCH_TIME,LUGGAGE_TYPE) values (5,5,to_timestamp('18-7月 -23 02.30.00.000000000 下午','DD-MON-RR HH.MI.SSXFF AM'),to_timestamp('18-7月 -23 05.00.00.000000000 下午','DD-MON-RR HH.MI.SSXFF AM'),'背包');
Insert into DESIGN.STAGING (LUGGAGE_ID,CUSTOMER_ID,STAGING_TIME,FETCH_TIME,LUGGAGE_TYPE) values (6,6,to_timestamp('17-7月 -23 04.45.00.000000000 下午','DD-MON-RR HH.MI.SSXFF AM'),to_timestamp('17-7月 -23 07.15.00.000000000 下午','DD-MON-RR HH.MI.SSXFF AM'),'行李箱');
Insert into DESIGN.STAGING (LUGGAGE_ID,CUSTOMER_ID,STAGING_TIME,FETCH_TIME,LUGGAGE_TYPE) values (7,7,to_timestamp('16-7月 -23 06.30.00.000000000 下午','DD-MON-RR HH.MI.SSXFF AM'),to_timestamp('16-7月 -23 08.30.00.000000000 下午','DD-MON-RR HH.MI.SSXFF AM'),'手提箱');
Insert into DESIGN.STAGING (LUGGAGE_ID,CUSTOMER_ID,STAGING_TIME,FETCH_TIME,LUGGAGE_TYPE) values (8,8,to_timestamp('15-7月 -23 08.15.00.000000000 下午','DD-MON-RR HH.MI.SSXFF AM'),to_timestamp('15-7月 -23 10.00.00.000000000 下午','DD-MON-RR HH.MI.SSXFF AM'),'行李箱');
Insert into DESIGN.STAGING (LUGGAGE_ID,CUSTOMER_ID,STAGING_TIME,FETCH_TIME,LUGGAGE_TYPE) values (9,9,to_timestamp('14-7月 -23 10.00.00.000000000 下午','DD-MON-RR HH.MI.SSXFF AM'),to_timestamp('14-7月 -23 11.45.00.000000000 下午','DD-MON-RR HH.MI.SSXFF AM'),'背包');
Insert into DESIGN.STAGING (LUGGAGE_ID,CUSTOMER_ID,STAGING_TIME,FETCH_TIME,LUGGAGE_TYPE) values (10,10,to_timestamp('13-7月 -23 07.30.00.000000000 上午','DD-MON-RR HH.MI.SSXFF AM'),to_timestamp('13-7月 -23 09.30.00.000000000 上午','DD-MON-RR HH.MI.SSXFF AM'),'手提箱');
Insert into DESIGN.STAGING (LUGGAGE_ID,CUSTOMER_ID,STAGING_TIME,FETCH_TIME,LUGGAGE_TYPE) values (11,11,to_timestamp('12-7月 -23 09.15.00.000000000 上午','DD-MON-RR HH.MI.SSXFF AM'),to_timestamp('12-7月 -23 11.00.00.000000000 上午','DD-MON-RR HH.MI.SSXFF AM'),'行李箱');
Insert into DESIGN.STAGING (LUGGAGE_ID,CUSTOMER_ID,STAGING_TIME,FETCH_TIME,LUGGAGE_TYPE) values (12,12,to_timestamp('11-7月 -23 11.00.00.000000000 上午','DD-MON-RR HH.MI.SSXFF AM'),to_timestamp('11-7月 -23 12.45.00.000000000 下午','DD-MON-RR HH.MI.SSXFF AM'),'大型行李');
Insert into DESIGN.STAGING (LUGGAGE_ID,CUSTOMER_ID,STAGING_TIME,FETCH_TIME,LUGGAGE_TYPE) values (13,13,to_timestamp('10-7月 -23 12.45.00.000000000 下午','DD-MON-RR HH.MI.SSXFF AM'),to_timestamp('10-7月 -23 02.30.00.000000000 下午','DD-MON-RR HH.MI.SSXFF AM'),'背包');
Insert into DESIGN.STAGING (LUGGAGE_ID,CUSTOMER_ID,STAGING_TIME,FETCH_TIME,LUGGAGE_TYPE) values (14,14,to_timestamp('09-7月 -23 02.30.00.000000000 下午','DD-MON-RR HH.MI.SSXFF AM'),to_timestamp('09-7月 -23 04.15.00.000000000 下午','DD-MON-RR HH.MI.SSXFF AM'),'手提箱');
Insert into DESIGN.STAGING (LUGGAGE_ID,CUSTOMER_ID,STAGING_TIME,FETCH_TIME,LUGGAGE_TYPE) values (15,15,to_timestamp('08-7月 -23 04.15.00.000000000 下午','DD-MON-RR HH.MI.SSXFF AM'),to_timestamp('08-7月 -23 06.00.00.000000000 下午','DD-MON-RR HH.MI.SSXFF AM'),'行李箱');
Insert into DESIGN.STAGING (LUGGAGE_ID,CUSTOMER_ID,STAGING_TIME,FETCH_TIME,LUGGAGE_TYPE) values (16,16,to_timestamp('07-7月 -23 06.00.00.000000000 下午','DD-MON-RR HH.MI.SSXFF AM'),to_timestamp('07-7月 -23 07.45.00.000000000 下午','DD-MON-RR HH.MI.SSXFF AM'),'手提箱');
Insert into DESIGN.STAGING (LUGGAGE_ID,CUSTOMER_ID,STAGING_TIME,FETCH_TIME,LUGGAGE_TYPE) values (17,17,to_timestamp('06-7月 -23 07.45.00.000000000 下午','DD-MON-RR HH.MI.SSXFF AM'),to_timestamp('06-7月 -23 09.30.00.000000000 下午','DD-MON-RR HH.MI.SSXFF AM'),'行李箱');
Insert into DESIGN.STAGING (LUGGAGE_ID,CUSTOMER_ID,STAGING_TIME,FETCH_TIME,LUGGAGE_TYPE) values (18,18,to_timestamp('05-7月 -23 09.30.00.000000000 下午','DD-MON-RR HH.MI.SSXFF AM'),to_timestamp('05-7月 -23 11.15.00.000000000 下午','DD-MON-RR HH.MI.SSXFF AM'),'背包');
Insert into DESIGN.STAGING (LUGGAGE_ID,CUSTOMER_ID,STAGING_TIME,FETCH_TIME,LUGGAGE_TYPE) values (19,19,to_timestamp('04-7月 -23 11.15.00.000000000 下午','DD-MON-RR HH.MI.SSXFF AM'),to_timestamp('05-7月 -23 12.45.00.000000000 上午','DD-MON-RR HH.MI.SSXFF AM'),'行李箱');
Insert into DESIGN.STAGING (LUGGAGE_ID,CUSTOMER_ID,STAGING_TIME,FETCH_TIME,LUGGAGE_TYPE) values (20,20,to_timestamp('03-7月 -23 07.30.00.000000000 上午','DD-MON-RR HH.MI.SSXFF AM'),to_timestamp('03-7月 -23 09.00.00.000000000 上午','DD-MON-RR HH.MI.SSXFF AM'),'行李箱');
Insert into DESIGN.STAGING (LUGGAGE_ID,CUSTOMER_ID,STAGING_TIME,FETCH_TIME,LUGGAGE_TYPE) values (21,21,to_timestamp('02-7月 -23 09.15.00.000000000 上午','DD-MON-RR HH.MI.SSXFF AM'),to_timestamp('02-7月 -23 11.00.00.000000000 上午','DD-MON-RR HH.MI.SSXFF AM'),'背包');
Insert into DESIGN.STAGING (LUGGAGE_ID,CUSTOMER_ID,STAGING_TIME,FETCH_TIME,LUGGAGE_TYPE) values (22,22,to_timestamp('01-7月 -23 11.30.00.000000000 上午','DD-MON-RR HH.MI.SSXFF AM'),to_timestamp('01-7月 -23 01.15.00.000000000 下午','DD-MON-RR HH.MI.SSXFF AM'),'大型行李');
Insert into DESIGN.STAGING (LUGGAGE_ID,CUSTOMER_ID,STAGING_TIME,FETCH_TIME,LUGGAGE_TYPE) values (23,23,to_timestamp('30-6月 -23 01.45.00.000000000 下午','DD-MON-RR HH.MI.SSXFF AM'),to_timestamp('30-6月 -23 03.30.00.000000000 下午','DD-MON-RR HH.MI.SSXFF AM'),'手提箱');
Insert into DESIGN.STAGING (LUGGAGE_ID,CUSTOMER_ID,STAGING_TIME,FETCH_TIME,LUGGAGE_TYPE) values (24,24,to_timestamp('29-6月 -23 04.00.00.000000000 下午','DD-MON-RR HH.MI.SSXFF AM'),to_timestamp('29-6月 -23 06.00.00.000000000 下午','DD-MON-RR HH.MI.SSXFF AM'),'背包');
Insert into DESIGN.STAGING (LUGGAGE_ID,CUSTOMER_ID,STAGING_TIME,FETCH_TIME,LUGGAGE_TYPE) values (25,25,to_timestamp('28-6月 -23 06.15.00.000000000 下午','DD-MON-RR HH.MI.SSXFF AM'),to_timestamp('28-6月 -23 08.15.00.000000000 下午','DD-MON-RR HH.MI.SSXFF AM'),'行李箱');
Insert into DESIGN.STAGING (LUGGAGE_ID,CUSTOMER_ID,STAGING_TIME,FETCH_TIME,LUGGAGE_TYPE) values (26,26,to_timestamp('27-6月 -23 08.30.00.000000000 下午','DD-MON-RR HH.MI.SSXFF AM'),to_timestamp('27-6月 -23 10.30.00.000000000 下午','DD-MON-RR HH.MI.SSXFF AM'),'手提箱');
Insert into DESIGN.STAGING (LUGGAGE_ID,CUSTOMER_ID,STAGING_TIME,FETCH_TIME,LUGGAGE_TYPE) values (27,27,to_timestamp('26-6月 -23 10.45.00.000000000 下午','DD-MON-RR HH.MI.SSXFF AM'),to_timestamp('27-6月 -23 12.45.00.000000000 上午','DD-MON-RR HH.MI.SSXFF AM'),'行李箱');
Insert into DESIGN.STAGING (LUGGAGE_ID,CUSTOMER_ID,STAGING_TIME,FETCH_TIME,LUGGAGE_TYPE) values (28,28,to_timestamp('25-6月 -23 08.30.00.000000000 上午','DD-MON-RR HH.MI.SSXFF AM'),to_timestamp('25-6月 -23 10.15.00.000000000 上午','DD-MON-RR HH.MI.SSXFF AM'),'背包');
Insert into DESIGN.STAGING (LUGGAGE_ID,CUSTOMER_ID,STAGING_TIME,FETCH_TIME,LUGGAGE_TYPE) values (29,29,to_timestamp('24-6月 -23 10.45.00.000000000 上午','DD-MON-RR HH.MI.SSXFF AM'),to_timestamp('24-6月 -23 12.45.00.000000000 下午','DD-MON-RR HH.MI.SSXFF AM'),'大型行李');
Insert into DESIGN.STAGING (LUGGAGE_ID,CUSTOMER_ID,STAGING_TIME,FETCH_TIME,LUGGAGE_TYPE) values (30,30,to_timestamp('23-6月 -23 01.00.00.000000000 下午','DD-MON-RR HH.MI.SSXFF AM'),to_timestamp('23-6月 -23 03.00.00.000000000 下午','DD-MON-RR HH.MI.SSXFF AM'),'手提箱');
REM INSERTING into DESIGN.SUPPLIER
SET DEFINE OFF;
Insert into DESIGN.SUPPLIER (SUPPLIER_ID,SUPPLIER_PHONE,ADDRESS) values (1,'86-010-51898888','北京市海淀区复兴路17号国海广场C座');
Insert into DESIGN.SUPPLIER (SUPPLIER_ID,SUPPLIER_PHONE,ADDRESS) values (2,'86-010-51892746','上海市徐汇区漕溪北路123号华泰大厦10楼');
Insert into DESIGN.SUPPLIER (SUPPLIER_ID,SUPPLIER_PHONE,ADDRESS) values (3,'86-010-36587412','上海市黄浦区南京东路456号中信广场B座20楼');
Insert into DESIGN.SUPPLIER (SUPPLIER_ID,SUPPLIER_PHONE,ADDRESS) values (4,'86-010-73928465','上海市长宁区虹桥路789号美罗大厦15楼');
REM INSERTING into DESIGN.UNIT_PRICE
SET DEFINE OFF;
Insert into DESIGN.UNIT_PRICE (PARKING_PLACE_TYPE,MEMBER_PRICE,NOT_MEMBER_PRICE) values ('通用',0,2);
Insert into DESIGN.UNIT_PRICE (PARKING_PLACE_TYPE,MEMBER_PRICE,NOT_MEMBER_PRICE) values ('小型',0,1);
Insert into DESIGN.UNIT_PRICE (PARKING_PLACE_TYPE,MEMBER_PRICE,NOT_MEMBER_PRICE) values ('中型',0,2);
Insert into DESIGN.UNIT_PRICE (PARKING_PLACE_TYPE,MEMBER_PRICE,NOT_MEMBER_PRICE) values ('大型',1,3);
Insert into DESIGN.UNIT_PRICE (PARKING_PLACE_TYPE,MEMBER_PRICE,NOT_MEMBER_PRICE) values ('地上通用停车位',0,1);
REM INSERTING into DESIGN."__EFMigrationsHistory"
SET DEFINE OFF;
Insert into DESIGN."__EFMigrationsHistory" ("MigrationId","ProductVersion") values ('20230908161453_design','7.0.8');
--------------------------------------------------------
--  DDL for Index PK___EFMigrationsHistory
--------------------------------------------------------

  CREATE UNIQUE INDEX "DESIGN"."PK___EFMigrationsHistory" ON "DESIGN"."__EFMigrationsHistory" ("MigrationId") 
  PCTFREE 10 INITRANS 2 MAXTRANS 255 
  STORAGE(INITIAL 65536 NEXT 1048576 MINEXTENTS 1 MAXEXTENTS 2147483645
  PCTINCREASE 0 FREELISTS 1 FREELIST GROUPS 1
  BUFFER_POOL DEFAULT FLASH_CACHE DEFAULT CELL_FLASH_CACHE DEFAULT)
  TABLESPACE "DBDESIGN" ;
--------------------------------------------------------
--  DDL for Index SYS_C008792
--------------------------------------------------------

  CREATE UNIQUE INDEX "DESIGN"."SYS_C008792" ON "DESIGN"."DEPARTMENT" ("DEPARTMENT_ID") 
  PCTFREE 10 INITRANS 2 MAXTRANS 255 
  STORAGE(INITIAL 65536 NEXT 1048576 MINEXTENTS 1 MAXEXTENTS 2147483645
  PCTINCREASE 0 FREELISTS 1 FREELIST GROUPS 1
  BUFFER_POOL DEFAULT FLASH_CACHE DEFAULT CELL_FLASH_CACHE DEFAULT)
  TABLESPACE "DBDESIGN" ;
--------------------------------------------------------
--  DDL for Index SYS_C008793
--------------------------------------------------------

  CREATE UNIQUE INDEX "DESIGN"."SYS_C008793" ON "DESIGN"."ASSIGNMENT" ("ASSIGNMENT_ID") 
  PCTFREE 10 INITRANS 2 MAXTRANS 255 
  STORAGE(INITIAL 65536 NEXT 1048576 MINEXTENTS 1 MAXEXTENTS 2147483645
  PCTINCREASE 0 FREELISTS 1 FREELIST GROUPS 1
  BUFFER_POOL DEFAULT FLASH_CACHE DEFAULT CELL_FLASH_CACHE DEFAULT)
  TABLESPACE "DBDESIGN" ;
--------------------------------------------------------
--  DDL for Index SYS_C008795
--------------------------------------------------------

  CREATE UNIQUE INDEX "DESIGN"."SYS_C008795" ON "DESIGN"."POST" ("POST_ID") 
  PCTFREE 10 INITRANS 2 MAXTRANS 255 
  STORAGE(INITIAL 65536 NEXT 1048576 MINEXTENTS 1 MAXEXTENTS 2147483645
  PCTINCREASE 0 FREELISTS 1 FREELIST GROUPS 1
  BUFFER_POOL DEFAULT FLASH_CACHE DEFAULT CELL_FLASH_CACHE DEFAULT)
  TABLESPACE "DBDESIGN" ;
--------------------------------------------------------
--  DDL for Index SYS_C008797
--------------------------------------------------------

  CREATE UNIQUE INDEX "DESIGN"."SYS_C008797" ON "DESIGN"."EMPLOYEE" ("EMPLOYEE_ID") 
  PCTFREE 10 INITRANS 2 MAXTRANS 255 
  STORAGE(INITIAL 65536 NEXT 1048576 MINEXTENTS 1 MAXEXTENTS 2147483645
  PCTINCREASE 0 FREELISTS 1 FREELIST GROUPS 1
  BUFFER_POOL DEFAULT FLASH_CACHE DEFAULT CELL_FLASH_CACHE DEFAULT)
  TABLESPACE "DBDESIGN" ;
--------------------------------------------------------
--  DDL for Index SYS_C008799
--------------------------------------------------------

  CREATE UNIQUE INDEX "DESIGN"."SYS_C008799" ON "DESIGN"."SUPPLIER" ("SUPPLIER_ID") 
  PCTFREE 10 INITRANS 2 MAXTRANS 255 
  STORAGE(INITIAL 65536 NEXT 1048576 MINEXTENTS 1 MAXEXTENTS 2147483645
  PCTINCREASE 0 FREELISTS 1 FREELIST GROUPS 1
  BUFFER_POOL DEFAULT FLASH_CACHE DEFAULT CELL_FLASH_CACHE DEFAULT)
  TABLESPACE "DBDESIGN" ;
--------------------------------------------------------
--  DDL for Index SYS_C008800
--------------------------------------------------------

  CREATE UNIQUE INDEX "DESIGN"."SYS_C008800" ON "DESIGN"."GOODS" ("GOODS_ID") 
  PCTFREE 10 INITRANS 2 MAXTRANS 255 
  STORAGE(INITIAL 65536 NEXT 1048576 MINEXTENTS 1 MAXEXTENTS 2147483645
  PCTINCREASE 0 FREELISTS 1 FREELIST GROUPS 1
  BUFFER_POOL DEFAULT FLASH_CACHE DEFAULT CELL_FLASH_CACHE DEFAULT)
  TABLESPACE "DBDESIGN" ;
--------------------------------------------------------
--  DDL for Index SYS_C008801
--------------------------------------------------------

  CREATE UNIQUE INDEX "DESIGN"."SYS_C008801" ON "DESIGN"."MYTABLE" ("TABLE_ID") 
  PCTFREE 10 INITRANS 2 MAXTRANS 255 
  STORAGE(INITIAL 65536 NEXT 1048576 MINEXTENTS 1 MAXEXTENTS 2147483645
  PCTINCREASE 0 FREELISTS 1 FREELIST GROUPS 1
  BUFFER_POOL DEFAULT FLASH_CACHE DEFAULT CELL_FLASH_CACHE DEFAULT)
  TABLESPACE "DBDESIGN" ;
--------------------------------------------------------
--  DDL for Index SYS_C008802
--------------------------------------------------------

  CREATE UNIQUE INDEX "DESIGN"."SYS_C008802" ON "DESIGN"."DISH" ("DISH_ID") 
  PCTFREE 10 INITRANS 2 MAXTRANS 255 
  STORAGE(INITIAL 65536 NEXT 1048576 MINEXTENTS 1 MAXEXTENTS 2147483645
  PCTINCREASE 0 FREELISTS 1 FREELIST GROUPS 1
  BUFFER_POOL DEFAULT FLASH_CACHE DEFAULT CELL_FLASH_CACHE DEFAULT)
  TABLESPACE "DBDESIGN" ;
--------------------------------------------------------
--  DDL for Index SYS_C008803
--------------------------------------------------------

  CREATE UNIQUE INDEX "DESIGN"."SYS_C008803" ON "DESIGN"."CUSTOMER" ("CUSTOMER_ID") 
  PCTFREE 10 INITRANS 2 MAXTRANS 255 
  STORAGE(INITIAL 65536 NEXT 1048576 MINEXTENTS 1 MAXEXTENTS 2147483645
  PCTINCREASE 0 FREELISTS 1 FREELIST GROUPS 1
  BUFFER_POOL DEFAULT FLASH_CACHE DEFAULT CELL_FLASH_CACHE DEFAULT)
  TABLESPACE "DBDESIGN" ;
--------------------------------------------------------
--  DDL for Index SYS_C008804
--------------------------------------------------------

  CREATE UNIQUE INDEX "DESIGN"."SYS_C008804" ON "DESIGN"."BILL" ("BILL_ID") 
  PCTFREE 10 INITRANS 2 MAXTRANS 255 
  STORAGE(INITIAL 65536 NEXT 1048576 MINEXTENTS 1 MAXEXTENTS 2147483645
  PCTINCREASE 0 FREELISTS 1 FREELIST GROUPS 1
  BUFFER_POOL DEFAULT FLASH_CACHE DEFAULT CELL_FLASH_CACHE DEFAULT)
  TABLESPACE "DBDESIGN" ;
--------------------------------------------------------
--  DDL for Index SYS_C008805
--------------------------------------------------------

  CREATE UNIQUE INDEX "DESIGN"."SYS_C008805" ON "DESIGN"."UNIT_PRICE" ("PARKING_PLACE_TYPE") 
  PCTFREE 10 INITRANS 2 MAXTRANS 255 
  STORAGE(INITIAL 65536 NEXT 1048576 MINEXTENTS 1 MAXEXTENTS 2147483645
  PCTINCREASE 0 FREELISTS 1 FREELIST GROUPS 1
  BUFFER_POOL DEFAULT FLASH_CACHE DEFAULT CELL_FLASH_CACHE DEFAULT)
  TABLESPACE "DBDESIGN" ;
--------------------------------------------------------
--  DDL for Index SYS_C008806
--------------------------------------------------------

  CREATE UNIQUE INDEX "DESIGN"."SYS_C008806" ON "DESIGN"."ROOMTYPE" ("TYPE_ID") 
  PCTFREE 10 INITRANS 2 MAXTRANS 255 
  STORAGE(INITIAL 65536 NEXT 1048576 MINEXTENTS 1 MAXEXTENTS 2147483645
  PCTINCREASE 0 FREELISTS 1 FREELIST GROUPS 1
  BUFFER_POOL DEFAULT FLASH_CACHE DEFAULT CELL_FLASH_CACHE DEFAULT)
  TABLESPACE "DBDESIGN" ;
--------------------------------------------------------
--  DDL for Index SYS_C008810
--------------------------------------------------------

  CREATE UNIQUE INDEX "DESIGN"."SYS_C008810" ON "DESIGN"."MYORDER" ("TABLE_ID", "DISH_ID", "ORDER_TIME") 
  PCTFREE 10 INITRANS 2 MAXTRANS 255 
  STORAGE(INITIAL 65536 NEXT 1048576 MINEXTENTS 1 MAXEXTENTS 2147483645
  PCTINCREASE 0 FREELISTS 1 FREELIST GROUPS 1
  BUFFER_POOL DEFAULT FLASH_CACHE DEFAULT CELL_FLASH_CACHE DEFAULT)
  TABLESPACE "DBDESIGN" ;
--------------------------------------------------------
--  DDL for Index SYS_C008814
--------------------------------------------------------

  CREATE UNIQUE INDEX "DESIGN"."SYS_C008814" ON "DESIGN"."BOOK" ("TABLE_ID", "CUSTOMER_ID", "BOOK_TIME") 
  PCTFREE 10 INITRANS 2 MAXTRANS 255 
  STORAGE(INITIAL 65536 NEXT 1048576 MINEXTENTS 1 MAXEXTENTS 2147483645
  PCTINCREASE 0 FREELISTS 1 FREELIST GROUPS 1
  BUFFER_POOL DEFAULT FLASH_CACHE DEFAULT CELL_FLASH_CACHE DEFAULT)
  TABLESPACE "DBDESIGN" ;
--------------------------------------------------------
--  DDL for Index SYS_C008817
--------------------------------------------------------

  CREATE UNIQUE INDEX "DESIGN"."SYS_C008817" ON "DESIGN"."STAGING" ("LUGGAGE_ID") 
  PCTFREE 10 INITRANS 2 MAXTRANS 255 
  STORAGE(INITIAL 65536 NEXT 1048576 MINEXTENTS 1 MAXEXTENTS 2147483645
  PCTINCREASE 0 FREELISTS 1 FREELIST GROUPS 1
  BUFFER_POOL DEFAULT FLASH_CACHE DEFAULT CELL_FLASH_CACHE DEFAULT)
  TABLESPACE "DBDESIGN" ;
--------------------------------------------------------
--  DDL for Index SYS_C008819
--------------------------------------------------------

  CREATE UNIQUE INDEX "DESIGN"."SYS_C008819" ON "DESIGN"."COMPLAINT" ("COMPLAINT_ID") 
  PCTFREE 10 INITRANS 2 MAXTRANS 255 
  STORAGE(INITIAL 65536 NEXT 1048576 MINEXTENTS 1 MAXEXTENTS 2147483645
  PCTINCREASE 0 FREELISTS 1 FREELIST GROUPS 1
  BUFFER_POOL DEFAULT FLASH_CACHE DEFAULT CELL_FLASH_CACHE DEFAULT)
  TABLESPACE "DBDESIGN" ;
--------------------------------------------------------
--  DDL for Index SYS_C008821
--------------------------------------------------------

  CREATE UNIQUE INDEX "DESIGN"."SYS_C008821" ON "DESIGN"."ROOM" ("ROOM_ID") 
  PCTFREE 10 INITRANS 2 MAXTRANS 255 
  STORAGE(INITIAL 65536 NEXT 1048576 MINEXTENTS 1 MAXEXTENTS 2147483645
  PCTINCREASE 0 FREELISTS 1 FREELIST GROUPS 1
  BUFFER_POOL DEFAULT FLASH_CACHE DEFAULT CELL_FLASH_CACHE DEFAULT)
  TABLESPACE "DBDESIGN" ;
--------------------------------------------------------
--  DDL for Index SYS_C008823
--------------------------------------------------------

  CREATE UNIQUE INDEX "DESIGN"."SYS_C008823" ON "DESIGN"."PAY" ("CUSTOMER_ID", "BILL_ID") 
  PCTFREE 10 INITRANS 2 MAXTRANS 255 
  STORAGE(INITIAL 65536 NEXT 1048576 MINEXTENTS 1 MAXEXTENTS 2147483645
  PCTINCREASE 0 FREELISTS 1 FREELIST GROUPS 1
  BUFFER_POOL DEFAULT FLASH_CACHE DEFAULT CELL_FLASH_CACHE DEFAULT)
  TABLESPACE "DBDESIGN" ;
--------------------------------------------------------
--  DDL for Index SYS_C008826
--------------------------------------------------------

  CREATE UNIQUE INDEX "DESIGN"."SYS_C008826" ON "DESIGN"."PARK_PLACE" ("PARKING_SPACE_ID") 
  PCTFREE 10 INITRANS 2 MAXTRANS 255 
  STORAGE(INITIAL 65536 NEXT 1048576 MINEXTENTS 1 MAXEXTENTS 2147483645
  PCTINCREASE 0 FREELISTS 1 FREELIST GROUPS 1
  BUFFER_POOL DEFAULT FLASH_CACHE DEFAULT CELL_FLASH_CACHE DEFAULT)
  TABLESPACE "DBDESIGN" ;
--------------------------------------------------------
--  DDL for Index SYS_C008828
--------------------------------------------------------

  CREATE UNIQUE INDEX "DESIGN"."SYS_C008828" ON "DESIGN"."CAR" ("CAR_NUMBER") 
  PCTFREE 10 INITRANS 2 MAXTRANS 255 
  STORAGE(INITIAL 65536 NEXT 1048576 MINEXTENTS 1 MAXEXTENTS 2147483645
  PCTINCREASE 0 FREELISTS 1 FREELIST GROUPS 1
  BUFFER_POOL DEFAULT FLASH_CACHE DEFAULT CELL_FLASH_CACHE DEFAULT)
  TABLESPACE "DBDESIGN" ;
--------------------------------------------------------
--  DDL for Index SYS_C008830
--------------------------------------------------------

  CREATE UNIQUE INDEX "DESIGN"."SYS_C008830" ON "DESIGN"."SALARY" ("ASSETS_ID") 
  PCTFREE 10 INITRANS 2 MAXTRANS 255 
  STORAGE(INITIAL 65536 NEXT 1048576 MINEXTENTS 1 MAXEXTENTS 2147483645
  PCTINCREASE 0 FREELISTS 1 FREELIST GROUPS 1
  BUFFER_POOL DEFAULT FLASH_CACHE DEFAULT CELL_FLASH_CACHE DEFAULT)
  TABLESPACE "DBDESIGN" ;
--------------------------------------------------------
--  DDL for Index SYS_C008832
--------------------------------------------------------

  CREATE UNIQUE INDEX "DESIGN"."SYS_C008832" ON "DESIGN"."CLEANING" ("ROOM_ID", "EMP_ID", "CLEANING_TIME") 
  PCTFREE 10 INITRANS 2 MAXTRANS 255 
  STORAGE(INITIAL 65536 NEXT 1048576 MINEXTENTS 1 MAXEXTENTS 2147483645
  PCTINCREASE 0 FREELISTS 1 FREELIST GROUPS 1
  BUFFER_POOL DEFAULT FLASH_CACHE DEFAULT CELL_FLASH_CACHE DEFAULT)
  TABLESPACE "DBDESIGN" ;
--------------------------------------------------------
--  DDL for Index SYS_C008835
--------------------------------------------------------

  CREATE UNIQUE INDEX "DESIGN"."SYS_C008835" ON "DESIGN"."SERVICE" ("CUSTOMER_ID", "EMP_ID", "SERVICE_TIME") 
  PCTFREE 10 INITRANS 2 MAXTRANS 255 
  STORAGE(INITIAL 65536 NEXT 1048576 MINEXTENTS 1 MAXEXTENTS 2147483645
  PCTINCREASE 0 FREELISTS 1 FREELIST GROUPS 1
  BUFFER_POOL DEFAULT FLASH_CACHE DEFAULT CELL_FLASH_CACHE DEFAULT)
  TABLESPACE "DBDESIGN" ;
--------------------------------------------------------
--  DDL for Index SYS_C008838
--------------------------------------------------------

  CREATE UNIQUE INDEX "DESIGN"."SYS_C008838" ON "DESIGN"."CHECKIN" ("CUSTOMER_ID", "ROOM_ID", "IN_TIME") 
  PCTFREE 10 INITRANS 2 MAXTRANS 255 
  STORAGE(INITIAL 65536 NEXT 1048576 MINEXTENTS 1 MAXEXTENTS 2147483645
  PCTINCREASE 0 FREELISTS 1 FREELIST GROUPS 1
  BUFFER_POOL DEFAULT FLASH_CACHE DEFAULT CELL_FLASH_CACHE DEFAULT)
  TABLESPACE "DBDESIGN" ;
--------------------------------------------------------
--  DDL for Index SYS_C008841
--------------------------------------------------------

  CREATE UNIQUE INDEX "DESIGN"."SYS_C008841" ON "DESIGN"."ROOMORDER" ("ORDER_ID") 
  PCTFREE 10 INITRANS 2 MAXTRANS 255 
  STORAGE(INITIAL 65536 NEXT 1048576 MINEXTENTS 1 MAXEXTENTS 2147483645
  PCTINCREASE 0 FREELISTS 1 FREELIST GROUPS 1
  BUFFER_POOL DEFAULT FLASH_CACHE DEFAULT CELL_FLASH_CACHE DEFAULT)
  TABLESPACE "DBDESIGN" ;
--------------------------------------------------------
--  DDL for Index SYS_C008845
--------------------------------------------------------

  CREATE UNIQUE INDEX "DESIGN"."SYS_C008845" ON "DESIGN"."MAINTAIN" ("ROOM_ID", "EMP_ID", "MAINTAIN_TIME") 
  PCTFREE 10 INITRANS 2 MAXTRANS 255 
  STORAGE(INITIAL 65536 NEXT 1048576 MINEXTENTS 1 MAXEXTENTS 2147483645
  PCTINCREASE 0 FREELISTS 1 FREELIST GROUPS 1
  BUFFER_POOL DEFAULT FLASH_CACHE DEFAULT CELL_FLASH_CACHE DEFAULT)
  TABLESPACE "DBDESIGN" ;
--------------------------------------------------------
--  DDL for Index SYS_C008848
--------------------------------------------------------

  CREATE UNIQUE INDEX "DESIGN"."SYS_C008848" ON "DESIGN"."CONSUMPTION_RECORDS" ("CONSUME_ID") 
  PCTFREE 10 INITRANS 2 MAXTRANS 255 
  STORAGE(INITIAL 65536 NEXT 1048576 MINEXTENTS 1 MAXEXTENTS 2147483645
  PCTINCREASE 0 FREELISTS 1 FREELIST GROUPS 1
  BUFFER_POOL DEFAULT FLASH_CACHE DEFAULT CELL_FLASH_CACHE DEFAULT)
  TABLESPACE "DBDESIGN" ;
--------------------------------------------------------
--  DDL for Index SYS_C008852
--------------------------------------------------------

  CREATE UNIQUE INDEX "DESIGN"."SYS_C008852" ON "DESIGN"."PARKING" ("PARKING_SPACE_ID", "CAR_NUMBER", "START_TIME") 
  PCTFREE 10 INITRANS 2 MAXTRANS 255 
  STORAGE(INITIAL 65536 NEXT 1048576 MINEXTENTS 1 MAXEXTENTS 2147483645
  PCTINCREASE 0 FREELISTS 1 FREELIST GROUPS 1
  BUFFER_POOL DEFAULT FLASH_CACHE DEFAULT CELL_FLASH_CACHE DEFAULT)
  TABLESPACE "DBDESIGN" ;
--------------------------------------------------------
--  DDL for Index SYS_C008855
--------------------------------------------------------

  CREATE UNIQUE INDEX "DESIGN"."SYS_C008855" ON "DESIGN"."ENTER_EXIT" ("INFO_ID") 
  PCTFREE 10 INITRANS 2 MAXTRANS 255 
  STORAGE(INITIAL 65536 NEXT 1048576 MINEXTENTS 1 MAXEXTENTS 2147483645
  PCTINCREASE 0 FREELISTS 1 FREELIST GROUPS 1
  BUFFER_POOL DEFAULT FLASH_CACHE DEFAULT CELL_FLASH_CACHE DEFAULT)
  TABLESPACE "DBDESIGN" ;
--------------------------------------------------------
--  DDL for Index SYS_C008857
--------------------------------------------------------

  CREATE UNIQUE INDEX "DESIGN"."SYS_C008857" ON "DESIGN"."APPLICATION" ("APPLICATION_ID") 
  PCTFREE 10 INITRANS 2 MAXTRANS 255 
  STORAGE(INITIAL 65536 NEXT 1048576 MINEXTENTS 1 MAXEXTENTS 2147483645
  PCTINCREASE 0 FREELISTS 1 FREELIST GROUPS 1
  BUFFER_POOL DEFAULT FLASH_CACHE DEFAULT CELL_FLASH_CACHE DEFAULT)
  TABLESPACE "DBDESIGN" ;
--------------------------------------------------------
--  DDL for Index SYS_C008859
--------------------------------------------------------

  CREATE UNIQUE INDEX "DESIGN"."SYS_C008859" ON "DESIGN"."PURCHASE" ("PURCHASE_ID") 
  PCTFREE 10 INITRANS 2 MAXTRANS 255 
  STORAGE(INITIAL 65536 NEXT 1048576 MINEXTENTS 1 MAXEXTENTS 2147483645
  PCTINCREASE 0 FREELISTS 1 FREELIST GROUPS 1
  BUFFER_POOL DEFAULT FLASH_CACHE DEFAULT CELL_FLASH_CACHE DEFAULT)
  TABLESPACE "DBDESIGN" ;
--------------------------------------------------------
--  DDL for Index SYS_C008862
--------------------------------------------------------

  CREATE UNIQUE INDEX "DESIGN"."SYS_C008862" ON "DESIGN"."ATTENDANCE_INFORMATION" ("ATTENDANCE_ID") 
  PCTFREE 10 INITRANS 2 MAXTRANS 255 
  STORAGE(INITIAL 65536 NEXT 1048576 MINEXTENTS 1 MAXEXTENTS 2147483645
  PCTINCREASE 0 FREELISTS 1 FREELIST GROUPS 1
  BUFFER_POOL DEFAULT FLASH_CACHE DEFAULT CELL_FLASH_CACHE DEFAULT)
  TABLESPACE "DBDESIGN" ;
--------------------------------------------------------
--  DDL for Index SYS_C008864
--------------------------------------------------------

  CREATE UNIQUE INDEX "DESIGN"."SYS_C008864" ON "DESIGN"."CHECK_IN_CHECK_OUT" ("CHECK_IN_ID") 
  PCTFREE 10 INITRANS 2 MAXTRANS 255 
  STORAGE(INITIAL 65536 NEXT 1048576 MINEXTENTS 1 MAXEXTENTS 2147483645
  PCTINCREASE 0 FREELISTS 1 FREELIST GROUPS 1
  BUFFER_POOL DEFAULT FLASH_CACHE DEFAULT CELL_FLASH_CACHE DEFAULT)
  TABLESPACE "DBDESIGN" ;
--------------------------------------------------------
--  DDL for Index SYS_C008866
--------------------------------------------------------

  CREATE UNIQUE INDEX "DESIGN"."SYS_C008866" ON "DESIGN"."ACCOUNTING_SUBJECTS" ("ACCOUNT_SUBJECT_ID") 
  PCTFREE 10 INITRANS 2 MAXTRANS 255 
  STORAGE(INITIAL 65536 NEXT 1048576 MINEXTENTS 1 MAXEXTENTS 2147483645
  PCTINCREASE 0 FREELISTS 1 FREELIST GROUPS 1
  BUFFER_POOL DEFAULT FLASH_CACHE DEFAULT CELL_FLASH_CACHE DEFAULT)
  TABLESPACE "DBDESIGN" ;
--------------------------------------------------------
--  DDL for Index SYS_C008868
--------------------------------------------------------

  CREATE UNIQUE INDEX "DESIGN"."SYS_C008868" ON "DESIGN"."CONSUME" ("DEPARTMENT_ID", "GOODS_ID") 
  PCTFREE 10 INITRANS 2 MAXTRANS 255 
  STORAGE(INITIAL 65536 NEXT 1048576 MINEXTENTS 1 MAXEXTENTS 2147483645
  PCTINCREASE 0 FREELISTS 1 FREELIST GROUPS 1
  BUFFER_POOL DEFAULT FLASH_CACHE DEFAULT CELL_FLASH_CACHE DEFAULT)
  TABLESPACE "DBDESIGN" ;
--------------------------------------------------------
--  DDL for Index SYS_C008871
--------------------------------------------------------

  CREATE UNIQUE INDEX "DESIGN"."SYS_C008871" ON "DESIGN"."LOCATION" ("LOCATION_ID") 
  PCTFREE 10 INITRANS 2 MAXTRANS 255 
  STORAGE(INITIAL 65536 NEXT 1048576 MINEXTENTS 1 MAXEXTENTS 2147483645
  PCTINCREASE 0 FREELISTS 1 FREELIST GROUPS 1
  BUFFER_POOL DEFAULT FLASH_CACHE DEFAULT CELL_FLASH_CACHE DEFAULT)
  TABLESPACE "DBDESIGN" ;
--------------------------------------------------------
--  DDL for Index SYS_C008874
--------------------------------------------------------

  CREATE UNIQUE INDEX "DESIGN"."SYS_C008874" ON "DESIGN"."ASSETS_INFORMATION" ("ASSET_ID") 
  PCTFREE 10 INITRANS 2 MAXTRANS 255 
  STORAGE(INITIAL 65536 NEXT 1048576 MINEXTENTS 1 MAXEXTENTS 2147483645
  PCTINCREASE 0 FREELISTS 1 FREELIST GROUPS 1
  BUFFER_POOL DEFAULT FLASH_CACHE DEFAULT CELL_FLASH_CACHE DEFAULT)
  TABLESPACE "DBDESIGN" ;
--------------------------------------------------------
--  DDL for Index SYS_C008877
--------------------------------------------------------

  CREATE UNIQUE INDEX "DESIGN"."SYS_C008877" ON "DESIGN"."ASSETS_SUMMARIZE" ("ASSET_ID") 
  PCTFREE 10 INITRANS 2 MAXTRANS 255 
  STORAGE(INITIAL 65536 NEXT 1048576 MINEXTENTS 1 MAXEXTENTS 2147483645
  PCTINCREASE 0 FREELISTS 1 FREELIST GROUPS 1
  BUFFER_POOL DEFAULT FLASH_CACHE DEFAULT CELL_FLASH_CACHE DEFAULT)
  TABLESPACE "DBDESIGN" ;
--------------------------------------------------------
--  DDL for Index SYS_C008879
--------------------------------------------------------

  CREATE UNIQUE INDEX "DESIGN"."SYS_C008879" ON "DESIGN"."SCRAP" ("EMP_ID", "ASSET_ID") 
  PCTFREE 10 INITRANS 2 MAXTRANS 255 
  STORAGE(INITIAL 65536 NEXT 1048576 MINEXTENTS 1 MAXEXTENTS 2147483645
  PCTINCREASE 0 FREELISTS 1 FREELIST GROUPS 1
  BUFFER_POOL DEFAULT FLASH_CACHE DEFAULT CELL_FLASH_CACHE DEFAULT)
  TABLESPACE "DBDESIGN" ;
--------------------------------------------------------
--  DDL for Index SYS_C008882
--------------------------------------------------------

  CREATE UNIQUE INDEX "DESIGN"."SYS_C008882" ON "DESIGN"."CHECKREPAIR" ("EMP_ID", "ASSET_ID", "CHECK_REPAIR_TIME") 
  PCTFREE 10 INITRANS 2 MAXTRANS 255 
  STORAGE(INITIAL 65536 NEXT 1048576 MINEXTENTS 1 MAXEXTENTS 2147483645
  PCTINCREASE 0 FREELISTS 1 FREELIST GROUPS 1
  BUFFER_POOL DEFAULT FLASH_CACHE DEFAULT CELL_FLASH_CACHE DEFAULT)
  TABLESPACE "DBDESIGN" ;
--------------------------------------------------------
--  DDL for Index IX_ATTENDANCE_INFORMATION_EMP_ID
--------------------------------------------------------

  CREATE INDEX "DESIGN"."IX_ATTENDANCE_INFORMATION_EMP_ID" ON "DESIGN"."ATTENDANCE_INFORMATION" ("EMP_ID") 
  PCTFREE 10 INITRANS 2 MAXTRANS 255 COMPUTE STATISTICS 
  STORAGE(INITIAL 65536 NEXT 1048576 MINEXTENTS 1 MAXEXTENTS 2147483645
  PCTINCREASE 0 FREELISTS 1 FREELIST GROUPS 1
  BUFFER_POOL DEFAULT FLASH_CACHE DEFAULT CELL_FLASH_CACHE DEFAULT)
  TABLESPACE "DBDESIGN" ;
--------------------------------------------------------
--  DDL for Index IX_ENTER_EXIT_CAR_NUMBER
--------------------------------------------------------

  CREATE INDEX "DESIGN"."IX_ENTER_EXIT_CAR_NUMBER" ON "DESIGN"."ENTER_EXIT" ("CAR_NUMBER") 
  PCTFREE 10 INITRANS 2 MAXTRANS 255 COMPUTE STATISTICS 
  STORAGE(INITIAL 65536 NEXT 1048576 MINEXTENTS 1 MAXEXTENTS 2147483645
  PCTINCREASE 0 FREELISTS 1 FREELIST GROUPS 1
  BUFFER_POOL DEFAULT FLASH_CACHE DEFAULT CELL_FLASH_CACHE DEFAULT)
  TABLESPACE "DBDESIGN" ;
--------------------------------------------------------
--  DDL for Index IX_BOOK_CUSTOMER_ID
--------------------------------------------------------

  CREATE INDEX "DESIGN"."IX_BOOK_CUSTOMER_ID" ON "DESIGN"."BOOK" ("CUSTOMER_ID") 
  PCTFREE 10 INITRANS 2 MAXTRANS 255 COMPUTE STATISTICS 
  STORAGE(INITIAL 65536 NEXT 1048576 MINEXTENTS 1 MAXEXTENTS 2147483645
  PCTINCREASE 0 FREELISTS 1 FREELIST GROUPS 1
  BUFFER_POOL DEFAULT FLASH_CACHE DEFAULT CELL_FLASH_CACHE DEFAULT)
  TABLESPACE "DBDESIGN" ;
--------------------------------------------------------
--  DDL for Index IX_CONSUMPTION_RECORDS_EMPLOYEE_ID
--------------------------------------------------------

  CREATE INDEX "DESIGN"."IX_CONSUMPTION_RECORDS_EMPLOYEE_ID" ON "DESIGN"."CONSUMPTION_RECORDS" ("EMPLOYEE_ID") 
  PCTFREE 10 INITRANS 2 MAXTRANS 255 COMPUTE STATISTICS 
  STORAGE(INITIAL 65536 NEXT 1048576 MINEXTENTS 1 MAXEXTENTS 2147483645
  PCTINCREASE 0 FREELISTS 1 FREELIST GROUPS 1
  BUFFER_POOL DEFAULT FLASH_CACHE DEFAULT CELL_FLASH_CACHE DEFAULT)
  TABLESPACE "DBDESIGN" ;
--------------------------------------------------------
--  DDL for Index IX_SERVICE_EMP_ID
--------------------------------------------------------

  CREATE INDEX "DESIGN"."IX_SERVICE_EMP_ID" ON "DESIGN"."SERVICE" ("EMP_ID") 
  PCTFREE 10 INITRANS 2 MAXTRANS 255 COMPUTE STATISTICS 
  STORAGE(INITIAL 65536 NEXT 1048576 MINEXTENTS 1 MAXEXTENTS 2147483645
  PCTINCREASE 0 FREELISTS 1 FREELIST GROUPS 1
  BUFFER_POOL DEFAULT FLASH_CACHE DEFAULT CELL_FLASH_CACHE DEFAULT)
  TABLESPACE "DBDESIGN" ;
--------------------------------------------------------
--  DDL for Index IX_CHECK_IN_CHECK_OUT_EMP_ID
--------------------------------------------------------

  CREATE INDEX "DESIGN"."IX_CHECK_IN_CHECK_OUT_EMP_ID" ON "DESIGN"."CHECK_IN_CHECK_OUT" ("EMP_ID") 
  PCTFREE 10 INITRANS 2 MAXTRANS 255 COMPUTE STATISTICS 
  STORAGE(INITIAL 65536 NEXT 1048576 MINEXTENTS 1 MAXEXTENTS 2147483645
  PCTINCREASE 0 FREELISTS 1 FREELIST GROUPS 1
  BUFFER_POOL DEFAULT FLASH_CACHE DEFAULT CELL_FLASH_CACHE DEFAULT)
  TABLESPACE "DBDESIGN" ;
--------------------------------------------------------
--  DDL for Index IX_PURCHASE_EMPLOYEE_ID
--------------------------------------------------------

  CREATE INDEX "DESIGN"."IX_PURCHASE_EMPLOYEE_ID" ON "DESIGN"."PURCHASE" ("EMPLOYEE_ID") 
  PCTFREE 10 INITRANS 2 MAXTRANS 255 COMPUTE STATISTICS 
  STORAGE(INITIAL 65536 NEXT 1048576 MINEXTENTS 1 MAXEXTENTS 2147483645
  PCTINCREASE 0 FREELISTS 1 FREELIST GROUPS 1
  BUFFER_POOL DEFAULT FLASH_CACHE DEFAULT CELL_FLASH_CACHE DEFAULT)
  TABLESPACE "DBDESIGN" ;
--------------------------------------------------------
--  DDL for Index IX_ASSETS_SUMMARIZE_ACCOUNT_SUBJECT_ID
--------------------------------------------------------

  CREATE INDEX "DESIGN"."IX_ASSETS_SUMMARIZE_ACCOUNT_SUBJECT_ID" ON "DESIGN"."ASSETS_SUMMARIZE" ("ACCOUNT_SUBJECT_ID") 
  PCTFREE 10 INITRANS 2 MAXTRANS 255 COMPUTE STATISTICS 
  STORAGE(INITIAL 65536 NEXT 1048576 MINEXTENTS 1 MAXEXTENTS 2147483645
  PCTINCREASE 0 FREELISTS 1 FREELIST GROUPS 1
  BUFFER_POOL DEFAULT FLASH_CACHE DEFAULT CELL_FLASH_CACHE DEFAULT)
  TABLESPACE "DBDESIGN" ;
--------------------------------------------------------
--  DDL for Index IX_MYORDER_CONSUMPTION_RECORD_ID
--------------------------------------------------------

  CREATE INDEX "DESIGN"."IX_MYORDER_CONSUMPTION_RECORD_ID" ON "DESIGN"."MYORDER" ("CONSUMPTION_RECORD_ID") 
  PCTFREE 10 INITRANS 2 MAXTRANS 255 COMPUTE STATISTICS 
  STORAGE(INITIAL 65536 NEXT 1048576 MINEXTENTS 1 MAXEXTENTS 2147483645
  PCTINCREASE 0 FREELISTS 1 FREELIST GROUPS 1
  BUFFER_POOL DEFAULT FLASH_CACHE DEFAULT CELL_FLASH_CACHE DEFAULT)
  TABLESPACE "DBDESIGN" ;
--------------------------------------------------------
--  DDL for Index IX_PAY_BILL_ID
--------------------------------------------------------

  CREATE INDEX "DESIGN"."IX_PAY_BILL_ID" ON "DESIGN"."PAY" ("BILL_ID") 
  PCTFREE 10 INITRANS 2 MAXTRANS 255 COMPUTE STATISTICS 
  STORAGE(INITIAL 65536 NEXT 1048576 MINEXTENTS 1 MAXEXTENTS 2147483645
  PCTINCREASE 0 FREELISTS 1 FREELIST GROUPS 1
  BUFFER_POOL DEFAULT FLASH_CACHE DEFAULT CELL_FLASH_CACHE DEFAULT)
  TABLESPACE "DBDESIGN" ;
--------------------------------------------------------
--  DDL for Index IX_COMPLAINT_CUSTOMER_ID
--------------------------------------------------------

  CREATE INDEX "DESIGN"."IX_COMPLAINT_CUSTOMER_ID" ON "DESIGN"."COMPLAINT" ("CUSTOMER_ID") 
  PCTFREE 10 INITRANS 2 MAXTRANS 255 COMPUTE STATISTICS 
  STORAGE(INITIAL 65536 NEXT 1048576 MINEXTENTS 1 MAXEXTENTS 2147483645
  PCTINCREASE 0 FREELISTS 1 FREELIST GROUPS 1
  BUFFER_POOL DEFAULT FLASH_CACHE DEFAULT CELL_FLASH_CACHE DEFAULT)
  TABLESPACE "DBDESIGN" ;
--------------------------------------------------------
--  DDL for Index IX_MAINTAIN_EMP_ID
--------------------------------------------------------

  CREATE INDEX "DESIGN"."IX_MAINTAIN_EMP_ID" ON "DESIGN"."MAINTAIN" ("EMP_ID") 
  PCTFREE 10 INITRANS 2 MAXTRANS 255 COMPUTE STATISTICS 
  STORAGE(INITIAL 65536 NEXT 1048576 MINEXTENTS 1 MAXEXTENTS 2147483645
  PCTINCREASE 0 FREELISTS 1 FREELIST GROUPS 1
  BUFFER_POOL DEFAULT FLASH_CACHE DEFAULT CELL_FLASH_CACHE DEFAULT)
  TABLESPACE "DBDESIGN" ;
--------------------------------------------------------
--  DDL for Index IX_LOCATION_ROOM_ID
--------------------------------------------------------

  CREATE INDEX "DESIGN"."IX_LOCATION_ROOM_ID" ON "DESIGN"."LOCATION" ("ROOM_ID") 
  PCTFREE 10 INITRANS 2 MAXTRANS 255 COMPUTE STATISTICS 
  STORAGE(INITIAL 65536 NEXT 1048576 MINEXTENTS 1 MAXEXTENTS 2147483645
  PCTINCREASE 0 FREELISTS 1 FREELIST GROUPS 1
  BUFFER_POOL DEFAULT FLASH_CACHE DEFAULT CELL_FLASH_CACHE DEFAULT)
  TABLESPACE "DBDESIGN" ;
--------------------------------------------------------
--  DDL for Index IX_CHECKREPAIR_ASSET_ID
--------------------------------------------------------

  CREATE INDEX "DESIGN"."IX_CHECKREPAIR_ASSET_ID" ON "DESIGN"."CHECKREPAIR" ("ASSET_ID") 
  PCTFREE 10 INITRANS 2 MAXTRANS 255 COMPUTE STATISTICS 
  STORAGE(INITIAL 65536 NEXT 1048576 MINEXTENTS 1 MAXEXTENTS 2147483645
  PCTINCREASE 0 FREELISTS 1 FREELIST GROUPS 1
  BUFFER_POOL DEFAULT FLASH_CACHE DEFAULT CELL_FLASH_CACHE DEFAULT)
  TABLESPACE "DBDESIGN" ;
--------------------------------------------------------
--  DDL for Index IX_SCRAP_ASSET_ID
--------------------------------------------------------

  CREATE INDEX "DESIGN"."IX_SCRAP_ASSET_ID" ON "DESIGN"."SCRAP" ("ASSET_ID") 
  PCTFREE 10 INITRANS 2 MAXTRANS 255 COMPUTE STATISTICS 
  STORAGE(INITIAL 65536 NEXT 1048576 MINEXTENTS 1 MAXEXTENTS 2147483645
  PCTINCREASE 0 FREELISTS 1 FREELIST GROUPS 1
  BUFFER_POOL DEFAULT FLASH_CACHE DEFAULT CELL_FLASH_CACHE DEFAULT)
  TABLESPACE "DBDESIGN" ;
--------------------------------------------------------
--  DDL for Index IX_APPLICATION_EMPLOYEE_ID
--------------------------------------------------------

  CREATE INDEX "DESIGN"."IX_APPLICATION_EMPLOYEE_ID" ON "DESIGN"."APPLICATION" ("EMPLOYEE_ID") 
  PCTFREE 10 INITRANS 2 MAXTRANS 255 COMPUTE STATISTICS 
  STORAGE(INITIAL 65536 NEXT 1048576 MINEXTENTS 1 MAXEXTENTS 2147483645
  PCTINCREASE 0 FREELISTS 1 FREELIST GROUPS 1
  BUFFER_POOL DEFAULT FLASH_CACHE DEFAULT CELL_FLASH_CACHE DEFAULT)
  TABLESPACE "DBDESIGN" ;
--------------------------------------------------------
--  DDL for Index IX_CONSUMPTION_RECORDS_BILL_ID
--------------------------------------------------------

  CREATE INDEX "DESIGN"."IX_CONSUMPTION_RECORDS_BILL_ID" ON "DESIGN"."CONSUMPTION_RECORDS" ("BILL_ID") 
  PCTFREE 10 INITRANS 2 MAXTRANS 255 COMPUTE STATISTICS 
  STORAGE(INITIAL 65536 NEXT 1048576 MINEXTENTS 1 MAXEXTENTS 2147483645
  PCTINCREASE 0 FREELISTS 1 FREELIST GROUPS 1
  BUFFER_POOL DEFAULT FLASH_CACHE DEFAULT CELL_FLASH_CACHE DEFAULT)
  TABLESPACE "DBDESIGN" ;
--------------------------------------------------------
--  DDL for Index IX_PURCHASE_SUPPLIER_ID
--------------------------------------------------------

  CREATE INDEX "DESIGN"."IX_PURCHASE_SUPPLIER_ID" ON "DESIGN"."PURCHASE" ("SUPPLIER_ID") 
  PCTFREE 10 INITRANS 2 MAXTRANS 255 COMPUTE STATISTICS 
  STORAGE(INITIAL 65536 NEXT 1048576 MINEXTENTS 1 MAXEXTENTS 2147483645
  PCTINCREASE 0 FREELISTS 1 FREELIST GROUPS 1
  BUFFER_POOL DEFAULT FLASH_CACHE DEFAULT CELL_FLASH_CACHE DEFAULT)
  TABLESPACE "DBDESIGN" ;
--------------------------------------------------------
--  DDL for Index IX_PARK_PLACE_TYPE
--------------------------------------------------------

  CREATE INDEX "DESIGN"."IX_PARK_PLACE_TYPE" ON "DESIGN"."PARK_PLACE" ("TYPE") 
  PCTFREE 10 INITRANS 2 MAXTRANS 255 COMPUTE STATISTICS 
  STORAGE(INITIAL 65536 NEXT 1048576 MINEXTENTS 1 MAXEXTENTS 2147483645
  PCTINCREASE 0 FREELISTS 1 FREELIST GROUPS 1
  BUFFER_POOL DEFAULT FLASH_CACHE DEFAULT CELL_FLASH_CACHE DEFAULT)
  TABLESPACE "DBDESIGN" ;
--------------------------------------------------------
--  DDL for Index IX_ASSIGNMENT_DEPARTMENT_ID
--------------------------------------------------------

  CREATE INDEX "DESIGN"."IX_ASSIGNMENT_DEPARTMENT_ID" ON "DESIGN"."ASSIGNMENT" ("DEPARTMENT_ID") 
  PCTFREE 10 INITRANS 2 MAXTRANS 255 COMPUTE STATISTICS 
  STORAGE(INITIAL 65536 NEXT 1048576 MINEXTENTS 1 MAXEXTENTS 2147483645
  PCTINCREASE 0 FREELISTS 1 FREELIST GROUPS 1
  BUFFER_POOL DEFAULT FLASH_CACHE DEFAULT CELL_FLASH_CACHE DEFAULT)
  TABLESPACE "DBDESIGN" ;
--------------------------------------------------------
--  DDL for Index IX_CLEANING_EMP_ID
--------------------------------------------------------

  CREATE INDEX "DESIGN"."IX_CLEANING_EMP_ID" ON "DESIGN"."CLEANING" ("EMP_ID") 
  PCTFREE 10 INITRANS 2 MAXTRANS 255 COMPUTE STATISTICS 
  STORAGE(INITIAL 65536 NEXT 1048576 MINEXTENTS 1 MAXEXTENTS 2147483645
  PCTINCREASE 0 FREELISTS 1 FREELIST GROUPS 1
  BUFFER_POOL DEFAULT FLASH_CACHE DEFAULT CELL_FLASH_CACHE DEFAULT)
  TABLESPACE "DBDESIGN" ;
--------------------------------------------------------
--  DDL for Index IX_POST_DEPARTMENT_ID
--------------------------------------------------------

  CREATE INDEX "DESIGN"."IX_POST_DEPARTMENT_ID" ON "DESIGN"."POST" ("DEPARTMENT_ID") 
  PCTFREE 10 INITRANS 2 MAXTRANS 255 COMPUTE STATISTICS 
  STORAGE(INITIAL 65536 NEXT 1048576 MINEXTENTS 1 MAXEXTENTS 2147483645
  PCTINCREASE 0 FREELISTS 1 FREELIST GROUPS 1
  BUFFER_POOL DEFAULT FLASH_CACHE DEFAULT CELL_FLASH_CACHE DEFAULT)
  TABLESPACE "DBDESIGN" ;
--------------------------------------------------------
--  DDL for Index IX_PARKING_CAR_NUMBER
--------------------------------------------------------

  CREATE INDEX "DESIGN"."IX_PARKING_CAR_NUMBER" ON "DESIGN"."PARKING" ("CAR_NUMBER") 
  PCTFREE 10 INITRANS 2 MAXTRANS 255 COMPUTE STATISTICS 
  STORAGE(INITIAL 65536 NEXT 1048576 MINEXTENTS 1 MAXEXTENTS 2147483645
  PCTINCREASE 0 FREELISTS 1 FREELIST GROUPS 1
  BUFFER_POOL DEFAULT FLASH_CACHE DEFAULT CELL_FLASH_CACHE DEFAULT)
  TABLESPACE "DBDESIGN" ;
--------------------------------------------------------
--  DDL for Index IX_ROOMORDER_CUSTOMER_ID
--------------------------------------------------------

  CREATE INDEX "DESIGN"."IX_ROOMORDER_CUSTOMER_ID" ON "DESIGN"."ROOMORDER" ("CUSTOMER_ID") 
  PCTFREE 10 INITRANS 2 MAXTRANS 255 COMPUTE STATISTICS 
  STORAGE(INITIAL 65536 NEXT 1048576 MINEXTENTS 1 MAXEXTENTS 2147483645
  PCTINCREASE 0 FREELISTS 1 FREELIST GROUPS 1
  BUFFER_POOL DEFAULT FLASH_CACHE DEFAULT CELL_FLASH_CACHE DEFAULT)
  TABLESPACE "DBDESIGN" ;
--------------------------------------------------------
--  DDL for Index IX_MYORDER_DISH_ID
--------------------------------------------------------

  CREATE INDEX "DESIGN"."IX_MYORDER_DISH_ID" ON "DESIGN"."MYORDER" ("DISH_ID") 
  PCTFREE 10 INITRANS 2 MAXTRANS 255 COMPUTE STATISTICS 
  STORAGE(INITIAL 65536 NEXT 1048576 MINEXTENTS 1 MAXEXTENTS 2147483645
  PCTINCREASE 0 FREELISTS 1 FREELIST GROUPS 1
  BUFFER_POOL DEFAULT FLASH_CACHE DEFAULT CELL_FLASH_CACHE DEFAULT)
  TABLESPACE "DBDESIGN" ;
--------------------------------------------------------
--  DDL for Index IX_PURCHASE_GOODS_ID
--------------------------------------------------------

  CREATE INDEX "DESIGN"."IX_PURCHASE_GOODS_ID" ON "DESIGN"."PURCHASE" ("GOODS_ID") 
  PCTFREE 10 INITRANS 2 MAXTRANS 255 COMPUTE STATISTICS 
  STORAGE(INITIAL 65536 NEXT 1048576 MINEXTENTS 1 MAXEXTENTS 2147483645
  PCTINCREASE 0 FREELISTS 1 FREELIST GROUPS 1
  BUFFER_POOL DEFAULT FLASH_CACHE DEFAULT CELL_FLASH_CACHE DEFAULT)
  TABLESPACE "DBDESIGN" ;
--------------------------------------------------------
--  DDL for Index IX_ROOM_TYPE_ID
--------------------------------------------------------

  CREATE INDEX "DESIGN"."IX_ROOM_TYPE_ID" ON "DESIGN"."ROOM" ("TYPE_ID") 
  PCTFREE 10 INITRANS 2 MAXTRANS 255 COMPUTE STATISTICS 
  STORAGE(INITIAL 65536 NEXT 1048576 MINEXTENTS 1 MAXEXTENTS 2147483645
  PCTINCREASE 0 FREELISTS 1 FREELIST GROUPS 1
  BUFFER_POOL DEFAULT FLASH_CACHE DEFAULT CELL_FLASH_CACHE DEFAULT)
  TABLESPACE "DBDESIGN" ;
--------------------------------------------------------
--  DDL for Index IX_ACCOUNTING_SUBJECTS_EMP_ID
--------------------------------------------------------

  CREATE INDEX "DESIGN"."IX_ACCOUNTING_SUBJECTS_EMP_ID" ON "DESIGN"."ACCOUNTING_SUBJECTS" ("EMP_ID") 
  PCTFREE 10 INITRANS 2 MAXTRANS 255 COMPUTE STATISTICS 
  STORAGE(INITIAL 65536 NEXT 1048576 MINEXTENTS 1 MAXEXTENTS 2147483645
  PCTINCREASE 0 FREELISTS 1 FREELIST GROUPS 1
  BUFFER_POOL DEFAULT FLASH_CACHE DEFAULT CELL_FLASH_CACHE DEFAULT)
  TABLESPACE "DBDESIGN" ;
--------------------------------------------------------
--  DDL for Index IX_ROOMORDER_TYPE_ID
--------------------------------------------------------

  CREATE INDEX "DESIGN"."IX_ROOMORDER_TYPE_ID" ON "DESIGN"."ROOMORDER" ("TYPE_ID") 
  PCTFREE 10 INITRANS 2 MAXTRANS 255 COMPUTE STATISTICS 
  STORAGE(INITIAL 65536 NEXT 1048576 MINEXTENTS 1 MAXEXTENTS 2147483645
  PCTINCREASE 0 FREELISTS 1 FREELIST GROUPS 1
  BUFFER_POOL DEFAULT FLASH_CACHE DEFAULT CELL_FLASH_CACHE DEFAULT)
  TABLESPACE "DBDESIGN" ;
--------------------------------------------------------
--  DDL for Index IX_CONSUME_GOODS_ID
--------------------------------------------------------

  CREATE INDEX "DESIGN"."IX_CONSUME_GOODS_ID" ON "DESIGN"."CONSUME" ("GOODS_ID") 
  PCTFREE 10 INITRANS 2 MAXTRANS 255 COMPUTE STATISTICS 
  STORAGE(INITIAL 65536 NEXT 1048576 MINEXTENTS 1 MAXEXTENTS 2147483645
  PCTINCREASE 0 FREELISTS 1 FREELIST GROUPS 1
  BUFFER_POOL DEFAULT FLASH_CACHE DEFAULT CELL_FLASH_CACHE DEFAULT)
  TABLESPACE "DBDESIGN" ;
--------------------------------------------------------
--  DDL for Index IX_ROOMORDER_EMP_ID
--------------------------------------------------------

  CREATE INDEX "DESIGN"."IX_ROOMORDER_EMP_ID" ON "DESIGN"."ROOMORDER" ("EMP_ID") 
  PCTFREE 10 INITRANS 2 MAXTRANS 255 COMPUTE STATISTICS 
  STORAGE(INITIAL 65536 NEXT 1048576 MINEXTENTS 1 MAXEXTENTS 2147483645
  PCTINCREASE 0 FREELISTS 1 FREELIST GROUPS 1
  BUFFER_POOL DEFAULT FLASH_CACHE DEFAULT CELL_FLASH_CACHE DEFAULT)
  TABLESPACE "DBDESIGN" ;
--------------------------------------------------------
--  DDL for Index IX_EMPLOYEE_POST_ID
--------------------------------------------------------

  CREATE INDEX "DESIGN"."IX_EMPLOYEE_POST_ID" ON "DESIGN"."EMPLOYEE" ("POST_ID") 
  PCTFREE 10 INITRANS 2 MAXTRANS 255 COMPUTE STATISTICS 
  STORAGE(INITIAL 65536 NEXT 1048576 MINEXTENTS 1 MAXEXTENTS 2147483645
  PCTINCREASE 0 FREELISTS 1 FREELIST GROUPS 1
  BUFFER_POOL DEFAULT FLASH_CACHE DEFAULT CELL_FLASH_CACHE DEFAULT)
  TABLESPACE "DBDESIGN" ;
--------------------------------------------------------
--  DDL for Index IX_STAGING_CUSTOMER_ID
--------------------------------------------------------

  CREATE INDEX "DESIGN"."IX_STAGING_CUSTOMER_ID" ON "DESIGN"."STAGING" ("CUSTOMER_ID") 
  PCTFREE 10 INITRANS 2 MAXTRANS 255 COMPUTE STATISTICS 
  STORAGE(INITIAL 65536 NEXT 1048576 MINEXTENTS 1 MAXEXTENTS 2147483645
  PCTINCREASE 0 FREELISTS 1 FREELIST GROUPS 1
  BUFFER_POOL DEFAULT FLASH_CACHE DEFAULT CELL_FLASH_CACHE DEFAULT)
  TABLESPACE "DBDESIGN" ;
--------------------------------------------------------
--  DDL for Index IX_CHECKIN_ROOM_ID
--------------------------------------------------------

  CREATE INDEX "DESIGN"."IX_CHECKIN_ROOM_ID" ON "DESIGN"."CHECKIN" ("ROOM_ID") 
  PCTFREE 10 INITRANS 2 MAXTRANS 255 COMPUTE STATISTICS 
  STORAGE(INITIAL 65536 NEXT 1048576 MINEXTENTS 1 MAXEXTENTS 2147483645
  PCTINCREASE 0 FREELISTS 1 FREELIST GROUPS 1
  BUFFER_POOL DEFAULT FLASH_CACHE DEFAULT CELL_FLASH_CACHE DEFAULT)
  TABLESPACE "DBDESIGN" ;
--------------------------------------------------------
--  DDL for Index IX_ASSETS_INFORMATION_ACCOUNT_SUBJECT_ID
--------------------------------------------------------

  CREATE INDEX "DESIGN"."IX_ASSETS_INFORMATION_ACCOUNT_SUBJECT_ID" ON "DESIGN"."ASSETS_INFORMATION" ("ACCOUNT_SUBJECT_ID") 
  PCTFREE 10 INITRANS 2 MAXTRANS 255 COMPUTE STATISTICS 
  STORAGE(INITIAL 65536 NEXT 1048576 MINEXTENTS 1 MAXEXTENTS 2147483645
  PCTINCREASE 0 FREELISTS 1 FREELIST GROUPS 1
  BUFFER_POOL DEFAULT FLASH_CACHE DEFAULT CELL_FLASH_CACHE DEFAULT)
  TABLESPACE "DBDESIGN" ;
--------------------------------------------------------
--  DDL for Index IX_CONSUMPTION_RECORDS_ROOM_ID
--------------------------------------------------------

  CREATE INDEX "DESIGN"."IX_CONSUMPTION_RECORDS_ROOM_ID" ON "DESIGN"."CONSUMPTION_RECORDS" ("ROOM_ID") 
  PCTFREE 10 INITRANS 2 MAXTRANS 255 COMPUTE STATISTICS 
  STORAGE(INITIAL 65536 NEXT 1048576 MINEXTENTS 1 MAXEXTENTS 2147483645
  PCTINCREASE 0 FREELISTS 1 FREELIST GROUPS 1
  BUFFER_POOL DEFAULT FLASH_CACHE DEFAULT CELL_FLASH_CACHE DEFAULT)
  TABLESPACE "DBDESIGN" ;
--------------------------------------------------------
--  DDL for Index IX_CAR_CUSTOMER_ID
--------------------------------------------------------

  CREATE INDEX "DESIGN"."IX_CAR_CUSTOMER_ID" ON "DESIGN"."CAR" ("CUSTOMER_ID") 
  PCTFREE 10 INITRANS 2 MAXTRANS 255 COMPUTE STATISTICS 
  STORAGE(INITIAL 65536 NEXT 1048576 MINEXTENTS 1 MAXEXTENTS 2147483645
  PCTINCREASE 0 FREELISTS 1 FREELIST GROUPS 1
  BUFFER_POOL DEFAULT FLASH_CACHE DEFAULT CELL_FLASH_CACHE DEFAULT)
  TABLESPACE "DBDESIGN" ;
--------------------------------------------------------
--  DDL for Index IX_ASSETS_INFORMATION_LOCATION_ID
--------------------------------------------------------

  CREATE INDEX "DESIGN"."IX_ASSETS_INFORMATION_LOCATION_ID" ON "DESIGN"."ASSETS_INFORMATION" ("LOCATION_ID") 
  PCTFREE 10 INITRANS 2 MAXTRANS 255 COMPUTE STATISTICS 
  STORAGE(INITIAL 65536 NEXT 1048576 MINEXTENTS 1 MAXEXTENTS 2147483645
  PCTINCREASE 0 FREELISTS 1 FREELIST GROUPS 1
  BUFFER_POOL DEFAULT FLASH_CACHE DEFAULT CELL_FLASH_CACHE DEFAULT)
  TABLESPACE "DBDESIGN" ;
--------------------------------------------------------
--  DDL for Index IX_SALARY_EMP_ID
--------------------------------------------------------

  CREATE INDEX "DESIGN"."IX_SALARY_EMP_ID" ON "DESIGN"."SALARY" ("EMP_ID") 
  PCTFREE 10 INITRANS 2 MAXTRANS 255 COMPUTE STATISTICS 
  STORAGE(INITIAL 65536 NEXT 1048576 MINEXTENTS 1 MAXEXTENTS 2147483645
  PCTINCREASE 0 FREELISTS 1 FREELIST GROUPS 1
  BUFFER_POOL DEFAULT FLASH_CACHE DEFAULT CELL_FLASH_CACHE DEFAULT)
  TABLESPACE "DBDESIGN" ;
--------------------------------------------------------
--  Constraints for Table SCRAP
--------------------------------------------------------

  ALTER TABLE "DESIGN"."SCRAP" MODIFY ("EMP_ID" NOT NULL ENABLE);
  ALTER TABLE "DESIGN"."SCRAP" MODIFY ("ASSET_ID" NOT NULL ENABLE);
  ALTER TABLE "DESIGN"."SCRAP" ADD CONSTRAINT "SYS_C008879" PRIMARY KEY ("EMP_ID", "ASSET_ID")
  USING INDEX PCTFREE 10 INITRANS 2 MAXTRANS 255 
  STORAGE(INITIAL 65536 NEXT 1048576 MINEXTENTS 1 MAXEXTENTS 2147483645
  PCTINCREASE 0 FREELISTS 1 FREELIST GROUPS 1
  BUFFER_POOL DEFAULT FLASH_CACHE DEFAULT CELL_FLASH_CACHE DEFAULT)
  TABLESPACE "DBDESIGN"  ENABLE;
--------------------------------------------------------
--  Constraints for Table DEPARTMENT
--------------------------------------------------------

  ALTER TABLE "DESIGN"."DEPARTMENT" MODIFY ("DEPARTMENT_ID" NOT NULL ENABLE);
  ALTER TABLE "DESIGN"."DEPARTMENT" ADD CONSTRAINT "SYS_C008792" PRIMARY KEY ("DEPARTMENT_ID")
  USING INDEX PCTFREE 10 INITRANS 2 MAXTRANS 255 
  STORAGE(INITIAL 65536 NEXT 1048576 MINEXTENTS 1 MAXEXTENTS 2147483645
  PCTINCREASE 0 FREELISTS 1 FREELIST GROUPS 1
  BUFFER_POOL DEFAULT FLASH_CACHE DEFAULT CELL_FLASH_CACHE DEFAULT)
  TABLESPACE "DBDESIGN"  ENABLE;
--------------------------------------------------------
--  Constraints for Table STAGING
--------------------------------------------------------

  ALTER TABLE "DESIGN"."STAGING" MODIFY ("LUGGAGE_ID" NOT NULL ENABLE);
  ALTER TABLE "DESIGN"."STAGING" ADD CONSTRAINT "SYS_C008817" PRIMARY KEY ("LUGGAGE_ID")
  USING INDEX PCTFREE 10 INITRANS 2 MAXTRANS 255 
  STORAGE(INITIAL 65536 NEXT 1048576 MINEXTENTS 1 MAXEXTENTS 2147483645
  PCTINCREASE 0 FREELISTS 1 FREELIST GROUPS 1
  BUFFER_POOL DEFAULT FLASH_CACHE DEFAULT CELL_FLASH_CACHE DEFAULT)
  TABLESPACE "DBDESIGN"  ENABLE;
--------------------------------------------------------
--  Constraints for Table __EFMigrationsHistory
--------------------------------------------------------

  ALTER TABLE "DESIGN"."__EFMigrationsHistory" MODIFY ("MigrationId" NOT NULL ENABLE);
  ALTER TABLE "DESIGN"."__EFMigrationsHistory" MODIFY ("ProductVersion" NOT NULL ENABLE);
  ALTER TABLE "DESIGN"."__EFMigrationsHistory" ADD CONSTRAINT "PK___EFMigrationsHistory" PRIMARY KEY ("MigrationId")
  USING INDEX PCTFREE 10 INITRANS 2 MAXTRANS 255 
  STORAGE(INITIAL 65536 NEXT 1048576 MINEXTENTS 1 MAXEXTENTS 2147483645
  PCTINCREASE 0 FREELISTS 1 FREELIST GROUPS 1
  BUFFER_POOL DEFAULT FLASH_CACHE DEFAULT CELL_FLASH_CACHE DEFAULT)
  TABLESPACE "DBDESIGN"  ENABLE;
--------------------------------------------------------
--  Constraints for Table DISH
--------------------------------------------------------

  ALTER TABLE "DESIGN"."DISH" MODIFY ("DISH_ID" NOT NULL ENABLE);
  ALTER TABLE "DESIGN"."DISH" ADD CONSTRAINT "SYS_C008802" PRIMARY KEY ("DISH_ID")
  USING INDEX PCTFREE 10 INITRANS 2 MAXTRANS 255 
  STORAGE(INITIAL 65536 NEXT 1048576 MINEXTENTS 1 MAXEXTENTS 2147483645
  PCTINCREASE 0 FREELISTS 1 FREELIST GROUPS 1
  BUFFER_POOL DEFAULT FLASH_CACHE DEFAULT CELL_FLASH_CACHE DEFAULT)
  TABLESPACE "DBDESIGN"  ENABLE;
--------------------------------------------------------
--  Constraints for Table ROOMTYPE
--------------------------------------------------------

  ALTER TABLE "DESIGN"."ROOMTYPE" MODIFY ("TYPE_ID" NOT NULL ENABLE);
  ALTER TABLE "DESIGN"."ROOMTYPE" ADD CONSTRAINT "SYS_C008806" PRIMARY KEY ("TYPE_ID")
  USING INDEX PCTFREE 10 INITRANS 2 MAXTRANS 255 
  STORAGE(INITIAL 65536 NEXT 1048576 MINEXTENTS 1 MAXEXTENTS 2147483645
  PCTINCREASE 0 FREELISTS 1 FREELIST GROUPS 1
  BUFFER_POOL DEFAULT FLASH_CACHE DEFAULT CELL_FLASH_CACHE DEFAULT)
  TABLESPACE "DBDESIGN"  ENABLE;
--------------------------------------------------------
--  Constraints for Table COMPLAINT
--------------------------------------------------------

  ALTER TABLE "DESIGN"."COMPLAINT" MODIFY ("COMPLAINT_ID" NOT NULL ENABLE);
  ALTER TABLE "DESIGN"."COMPLAINT" ADD CONSTRAINT "SYS_C008819" PRIMARY KEY ("COMPLAINT_ID")
  USING INDEX PCTFREE 10 INITRANS 2 MAXTRANS 255 
  STORAGE(INITIAL 65536 NEXT 1048576 MINEXTENTS 1 MAXEXTENTS 2147483645
  PCTINCREASE 0 FREELISTS 1 FREELIST GROUPS 1
  BUFFER_POOL DEFAULT FLASH_CACHE DEFAULT CELL_FLASH_CACHE DEFAULT)
  TABLESPACE "DBDESIGN"  ENABLE;
--------------------------------------------------------
--  Constraints for Table PARK_PLACE
--------------------------------------------------------

  ALTER TABLE "DESIGN"."PARK_PLACE" MODIFY ("PARKING_SPACE_ID" NOT NULL ENABLE);
  ALTER TABLE "DESIGN"."PARK_PLACE" ADD CONSTRAINT "SYS_C008826" PRIMARY KEY ("PARKING_SPACE_ID")
  USING INDEX PCTFREE 10 INITRANS 2 MAXTRANS 255 
  STORAGE(INITIAL 65536 NEXT 1048576 MINEXTENTS 1 MAXEXTENTS 2147483645
  PCTINCREASE 0 FREELISTS 1 FREELIST GROUPS 1
  BUFFER_POOL DEFAULT FLASH_CACHE DEFAULT CELL_FLASH_CACHE DEFAULT)
  TABLESPACE "DBDESIGN"  ENABLE;
--------------------------------------------------------
--  Constraints for Table SALARY
--------------------------------------------------------

  ALTER TABLE "DESIGN"."SALARY" MODIFY ("ASSETS_ID" NOT NULL ENABLE);
  ALTER TABLE "DESIGN"."SALARY" ADD CONSTRAINT "SYS_C008830" PRIMARY KEY ("ASSETS_ID")
  USING INDEX PCTFREE 10 INITRANS 2 MAXTRANS 255 
  STORAGE(INITIAL 65536 NEXT 1048576 MINEXTENTS 1 MAXEXTENTS 2147483645
  PCTINCREASE 0 FREELISTS 1 FREELIST GROUPS 1
  BUFFER_POOL DEFAULT FLASH_CACHE DEFAULT CELL_FLASH_CACHE DEFAULT)
  TABLESPACE "DBDESIGN"  ENABLE;
--------------------------------------------------------
--  Constraints for Table PAY
--------------------------------------------------------

  ALTER TABLE "DESIGN"."PAY" MODIFY ("CUSTOMER_ID" NOT NULL ENABLE);
  ALTER TABLE "DESIGN"."PAY" MODIFY ("BILL_ID" NOT NULL ENABLE);
  ALTER TABLE "DESIGN"."PAY" ADD CONSTRAINT "SYS_C008823" PRIMARY KEY ("CUSTOMER_ID", "BILL_ID")
  USING INDEX PCTFREE 10 INITRANS 2 MAXTRANS 255 
  STORAGE(INITIAL 65536 NEXT 1048576 MINEXTENTS 1 MAXEXTENTS 2147483645
  PCTINCREASE 0 FREELISTS 1 FREELIST GROUPS 1
  BUFFER_POOL DEFAULT FLASH_CACHE DEFAULT CELL_FLASH_CACHE DEFAULT)
  TABLESPACE "DBDESIGN"  ENABLE;
--------------------------------------------------------
--  Constraints for Table BOOK
--------------------------------------------------------

  ALTER TABLE "DESIGN"."BOOK" MODIFY ("TABLE_ID" NOT NULL ENABLE);
  ALTER TABLE "DESIGN"."BOOK" MODIFY ("CUSTOMER_ID" NOT NULL ENABLE);
  ALTER TABLE "DESIGN"."BOOK" MODIFY ("BOOK_TIME" NOT NULL ENABLE);
  ALTER TABLE "DESIGN"."BOOK" ADD CONSTRAINT "SYS_C008814" PRIMARY KEY ("TABLE_ID", "CUSTOMER_ID", "BOOK_TIME")
  USING INDEX PCTFREE 10 INITRANS 2 MAXTRANS 255 
  STORAGE(INITIAL 65536 NEXT 1048576 MINEXTENTS 1 MAXEXTENTS 2147483645
  PCTINCREASE 0 FREELISTS 1 FREELIST GROUPS 1
  BUFFER_POOL DEFAULT FLASH_CACHE DEFAULT CELL_FLASH_CACHE DEFAULT)
  TABLESPACE "DBDESIGN"  ENABLE;
--------------------------------------------------------
--  Constraints for Table ROOMORDER
--------------------------------------------------------

  ALTER TABLE "DESIGN"."ROOMORDER" MODIFY ("ORDER_ID" NOT NULL ENABLE);
  ALTER TABLE "DESIGN"."ROOMORDER" ADD CONSTRAINT "SYS_C008841" PRIMARY KEY ("ORDER_ID")
  USING INDEX PCTFREE 10 INITRANS 2 MAXTRANS 255 
  STORAGE(INITIAL 65536 NEXT 1048576 MINEXTENTS 1 MAXEXTENTS 2147483645
  PCTINCREASE 0 FREELISTS 1 FREELIST GROUPS 1
  BUFFER_POOL DEFAULT FLASH_CACHE DEFAULT CELL_FLASH_CACHE DEFAULT)
  TABLESPACE "DBDESIGN"  ENABLE;
--------------------------------------------------------
--  Constraints for Table CHECKIN
--------------------------------------------------------

  ALTER TABLE "DESIGN"."CHECKIN" MODIFY ("CUSTOMER_ID" NOT NULL ENABLE);
  ALTER TABLE "DESIGN"."CHECKIN" MODIFY ("ROOM_ID" NOT NULL ENABLE);
  ALTER TABLE "DESIGN"."CHECKIN" MODIFY ("IN_TIME" NOT NULL ENABLE);
  ALTER TABLE "DESIGN"."CHECKIN" ADD CONSTRAINT "SYS_C008838" PRIMARY KEY ("CUSTOMER_ID", "ROOM_ID", "IN_TIME")
  USING INDEX PCTFREE 10 INITRANS 2 MAXTRANS 255 
  STORAGE(INITIAL 65536 NEXT 1048576 MINEXTENTS 1 MAXEXTENTS 2147483645
  PCTINCREASE 0 FREELISTS 1 FREELIST GROUPS 1
  BUFFER_POOL DEFAULT FLASH_CACHE DEFAULT CELL_FLASH_CACHE DEFAULT)
  TABLESPACE "DBDESIGN"  ENABLE;
--------------------------------------------------------
--  Constraints for Table ASSETS_INFORMATION
--------------------------------------------------------

  ALTER TABLE "DESIGN"."ASSETS_INFORMATION" MODIFY ("ASSET_ID" NOT NULL ENABLE);
  ALTER TABLE "DESIGN"."ASSETS_INFORMATION" ADD CONSTRAINT "SYS_C008874" PRIMARY KEY ("ASSET_ID")
  USING INDEX PCTFREE 10 INITRANS 2 MAXTRANS 255 
  STORAGE(INITIAL 65536 NEXT 1048576 MINEXTENTS 1 MAXEXTENTS 2147483645
  PCTINCREASE 0 FREELISTS 1 FREELIST GROUPS 1
  BUFFER_POOL DEFAULT FLASH_CACHE DEFAULT CELL_FLASH_CACHE DEFAULT)
  TABLESPACE "DBDESIGN"  ENABLE;
--------------------------------------------------------
--  Constraints for Table PARKING
--------------------------------------------------------

  ALTER TABLE "DESIGN"."PARKING" MODIFY ("PARKING_SPACE_ID" NOT NULL ENABLE);
  ALTER TABLE "DESIGN"."PARKING" MODIFY ("CAR_NUMBER" NOT NULL ENABLE);
  ALTER TABLE "DESIGN"."PARKING" MODIFY ("START_TIME" NOT NULL ENABLE);
  ALTER TABLE "DESIGN"."PARKING" ADD CONSTRAINT "SYS_C008852" PRIMARY KEY ("PARKING_SPACE_ID", "CAR_NUMBER", "START_TIME")
  USING INDEX PCTFREE 10 INITRANS 2 MAXTRANS 255 
  STORAGE(INITIAL 65536 NEXT 1048576 MINEXTENTS 1 MAXEXTENTS 2147483645
  PCTINCREASE 0 FREELISTS 1 FREELIST GROUPS 1
  BUFFER_POOL DEFAULT FLASH_CACHE DEFAULT CELL_FLASH_CACHE DEFAULT)
  TABLESPACE "DBDESIGN"  ENABLE;
--------------------------------------------------------
--  Constraints for Table SERVICE
--------------------------------------------------------

  ALTER TABLE "DESIGN"."SERVICE" MODIFY ("CUSTOMER_ID" NOT NULL ENABLE);
  ALTER TABLE "DESIGN"."SERVICE" MODIFY ("EMP_ID" NOT NULL ENABLE);
  ALTER TABLE "DESIGN"."SERVICE" MODIFY ("SERVICE_TIME" NOT NULL ENABLE);
  ALTER TABLE "DESIGN"."SERVICE" ADD CONSTRAINT "SYS_C008835" PRIMARY KEY ("CUSTOMER_ID", "EMP_ID", "SERVICE_TIME")
  USING INDEX PCTFREE 10 INITRANS 2 MAXTRANS 255 
  STORAGE(INITIAL 65536 NEXT 1048576 MINEXTENTS 1 MAXEXTENTS 2147483645
  PCTINCREASE 0 FREELISTS 1 FREELIST GROUPS 1
  BUFFER_POOL DEFAULT FLASH_CACHE DEFAULT CELL_FLASH_CACHE DEFAULT)
  TABLESPACE "DBDESIGN"  ENABLE;
--------------------------------------------------------
--  Constraints for Table ASSIGNMENT
--------------------------------------------------------

  ALTER TABLE "DESIGN"."ASSIGNMENT" MODIFY ("ASSIGNMENT_ID" NOT NULL ENABLE);
  ALTER TABLE "DESIGN"."ASSIGNMENT" ADD CONSTRAINT "SYS_C008793" PRIMARY KEY ("ASSIGNMENT_ID")
  USING INDEX PCTFREE 10 INITRANS 2 MAXTRANS 255 
  STORAGE(INITIAL 65536 NEXT 1048576 MINEXTENTS 1 MAXEXTENTS 2147483645
  PCTINCREASE 0 FREELISTS 1 FREELIST GROUPS 1
  BUFFER_POOL DEFAULT FLASH_CACHE DEFAULT CELL_FLASH_CACHE DEFAULT)
  TABLESPACE "DBDESIGN"  ENABLE;
--------------------------------------------------------
--  Constraints for Table POST
--------------------------------------------------------

  ALTER TABLE "DESIGN"."POST" MODIFY ("POST_ID" NOT NULL ENABLE);
  ALTER TABLE "DESIGN"."POST" ADD CONSTRAINT "SYS_C008795" PRIMARY KEY ("POST_ID")
  USING INDEX PCTFREE 10 INITRANS 2 MAXTRANS 255 
  STORAGE(INITIAL 65536 NEXT 1048576 MINEXTENTS 1 MAXEXTENTS 2147483645
  PCTINCREASE 0 FREELISTS 1 FREELIST GROUPS 1
  BUFFER_POOL DEFAULT FLASH_CACHE DEFAULT CELL_FLASH_CACHE DEFAULT)
  TABLESPACE "DBDESIGN"  ENABLE;
--------------------------------------------------------
--  Constraints for Table MYORDER
--------------------------------------------------------

  ALTER TABLE "DESIGN"."MYORDER" MODIFY ("TABLE_ID" NOT NULL ENABLE);
  ALTER TABLE "DESIGN"."MYORDER" MODIFY ("DISH_ID" NOT NULL ENABLE);
  ALTER TABLE "DESIGN"."MYORDER" MODIFY ("ORDER_TIME" NOT NULL ENABLE);
  ALTER TABLE "DESIGN"."MYORDER" ADD CONSTRAINT "SYS_C008810" PRIMARY KEY ("TABLE_ID", "DISH_ID", "ORDER_TIME")
  USING INDEX PCTFREE 10 INITRANS 2 MAXTRANS 255 
  STORAGE(INITIAL 65536 NEXT 1048576 MINEXTENTS 1 MAXEXTENTS 2147483645
  PCTINCREASE 0 FREELISTS 1 FREELIST GROUPS 1
  BUFFER_POOL DEFAULT FLASH_CACHE DEFAULT CELL_FLASH_CACHE DEFAULT)
  TABLESPACE "DBDESIGN"  ENABLE;
--------------------------------------------------------
--  Constraints for Table EMPLOYEE
--------------------------------------------------------

  ALTER TABLE "DESIGN"."EMPLOYEE" MODIFY ("EMPLOYEE_ID" NOT NULL ENABLE);
  ALTER TABLE "DESIGN"."EMPLOYEE" ADD CONSTRAINT "SYS_C008797" PRIMARY KEY ("EMPLOYEE_ID")
  USING INDEX PCTFREE 10 INITRANS 2 MAXTRANS 255 
  STORAGE(INITIAL 65536 NEXT 1048576 MINEXTENTS 1 MAXEXTENTS 2147483645
  PCTINCREASE 0 FREELISTS 1 FREELIST GROUPS 1
  BUFFER_POOL DEFAULT FLASH_CACHE DEFAULT CELL_FLASH_CACHE DEFAULT)
  TABLESPACE "DBDESIGN"  ENABLE;
--------------------------------------------------------
--  Constraints for Table BILL
--------------------------------------------------------

  ALTER TABLE "DESIGN"."BILL" MODIFY ("BILL_ID" NOT NULL ENABLE);
  ALTER TABLE "DESIGN"."BILL" ADD CONSTRAINT "SYS_C008804" PRIMARY KEY ("BILL_ID")
  USING INDEX PCTFREE 10 INITRANS 2 MAXTRANS 255 
  STORAGE(INITIAL 65536 NEXT 1048576 MINEXTENTS 1 MAXEXTENTS 2147483645
  PCTINCREASE 0 FREELISTS 1 FREELIST GROUPS 1
  BUFFER_POOL DEFAULT FLASH_CACHE DEFAULT CELL_FLASH_CACHE DEFAULT)
  TABLESPACE "DBDESIGN"  ENABLE;
--------------------------------------------------------
--  Constraints for Table ACCOUNTING_SUBJECTS
--------------------------------------------------------

  ALTER TABLE "DESIGN"."ACCOUNTING_SUBJECTS" MODIFY ("ACCOUNT_SUBJECT_ID" NOT NULL ENABLE);
  ALTER TABLE "DESIGN"."ACCOUNTING_SUBJECTS" ADD CONSTRAINT "SYS_C008866" PRIMARY KEY ("ACCOUNT_SUBJECT_ID")
  USING INDEX PCTFREE 10 INITRANS 2 MAXTRANS 255 
  STORAGE(INITIAL 65536 NEXT 1048576 MINEXTENTS 1 MAXEXTENTS 2147483645
  PCTINCREASE 0 FREELISTS 1 FREELIST GROUPS 1
  BUFFER_POOL DEFAULT FLASH_CACHE DEFAULT CELL_FLASH_CACHE DEFAULT)
  TABLESPACE "DBDESIGN"  ENABLE;
--------------------------------------------------------
--  Constraints for Table APPLICATION
--------------------------------------------------------

  ALTER TABLE "DESIGN"."APPLICATION" MODIFY ("APPLICATION_ID" NOT NULL ENABLE);
  ALTER TABLE "DESIGN"."APPLICATION" ADD CONSTRAINT "SYS_C008857" PRIMARY KEY ("APPLICATION_ID")
  USING INDEX PCTFREE 10 INITRANS 2 MAXTRANS 255 
  STORAGE(INITIAL 65536 NEXT 1048576 MINEXTENTS 1 MAXEXTENTS 2147483645
  PCTINCREASE 0 FREELISTS 1 FREELIST GROUPS 1
  BUFFER_POOL DEFAULT FLASH_CACHE DEFAULT CELL_FLASH_CACHE DEFAULT)
  TABLESPACE "DBDESIGN"  ENABLE;
--------------------------------------------------------
--  Constraints for Table CAR
--------------------------------------------------------

  ALTER TABLE "DESIGN"."CAR" MODIFY ("CAR_NUMBER" NOT NULL ENABLE);
  ALTER TABLE "DESIGN"."CAR" ADD CONSTRAINT "SYS_C008828" PRIMARY KEY ("CAR_NUMBER")
  USING INDEX PCTFREE 10 INITRANS 2 MAXTRANS 255 
  STORAGE(INITIAL 65536 NEXT 1048576 MINEXTENTS 1 MAXEXTENTS 2147483645
  PCTINCREASE 0 FREELISTS 1 FREELIST GROUPS 1
  BUFFER_POOL DEFAULT FLASH_CACHE DEFAULT CELL_FLASH_CACHE DEFAULT)
  TABLESPACE "DBDESIGN"  ENABLE;
--------------------------------------------------------
--  Constraints for Table GOODS
--------------------------------------------------------

  ALTER TABLE "DESIGN"."GOODS" MODIFY ("GOODS_ID" NOT NULL ENABLE);
  ALTER TABLE "DESIGN"."GOODS" ADD CONSTRAINT "SYS_C008800" PRIMARY KEY ("GOODS_ID")
  USING INDEX PCTFREE 10 INITRANS 2 MAXTRANS 255 
  STORAGE(INITIAL 65536 NEXT 1048576 MINEXTENTS 1 MAXEXTENTS 2147483645
  PCTINCREASE 0 FREELISTS 1 FREELIST GROUPS 1
  BUFFER_POOL DEFAULT FLASH_CACHE DEFAULT CELL_FLASH_CACHE DEFAULT)
  TABLESPACE "DBDESIGN"  ENABLE;
--------------------------------------------------------
--  Constraints for Table MAINTAIN
--------------------------------------------------------

  ALTER TABLE "DESIGN"."MAINTAIN" MODIFY ("ROOM_ID" NOT NULL ENABLE);
  ALTER TABLE "DESIGN"."MAINTAIN" MODIFY ("EMP_ID" NOT NULL ENABLE);
  ALTER TABLE "DESIGN"."MAINTAIN" MODIFY ("MAINTAIN_TIME" NOT NULL ENABLE);
  ALTER TABLE "DESIGN"."MAINTAIN" ADD CONSTRAINT "SYS_C008845" PRIMARY KEY ("ROOM_ID", "EMP_ID", "MAINTAIN_TIME")
  USING INDEX PCTFREE 10 INITRANS 2 MAXTRANS 255 
  STORAGE(INITIAL 65536 NEXT 1048576 MINEXTENTS 1 MAXEXTENTS 2147483645
  PCTINCREASE 0 FREELISTS 1 FREELIST GROUPS 1
  BUFFER_POOL DEFAULT FLASH_CACHE DEFAULT CELL_FLASH_CACHE DEFAULT)
  TABLESPACE "DBDESIGN"  ENABLE;
--------------------------------------------------------
--  Constraints for Table ASSETS_SUMMARIZE
--------------------------------------------------------

  ALTER TABLE "DESIGN"."ASSETS_SUMMARIZE" MODIFY ("ASSET_ID" NOT NULL ENABLE);
  ALTER TABLE "DESIGN"."ASSETS_SUMMARIZE" ADD CONSTRAINT "SYS_C008877" PRIMARY KEY ("ASSET_ID")
  USING INDEX PCTFREE 10 INITRANS 2 MAXTRANS 255 
  STORAGE(INITIAL 65536 NEXT 1048576 MINEXTENTS 1 MAXEXTENTS 2147483645
  PCTINCREASE 0 FREELISTS 1 FREELIST GROUPS 1
  BUFFER_POOL DEFAULT FLASH_CACHE DEFAULT CELL_FLASH_CACHE DEFAULT)
  TABLESPACE "DBDESIGN"  ENABLE;
--------------------------------------------------------
--  Constraints for Table ROOM
--------------------------------------------------------

  ALTER TABLE "DESIGN"."ROOM" MODIFY ("ROOM_ID" NOT NULL ENABLE);
  ALTER TABLE "DESIGN"."ROOM" ADD CONSTRAINT "SYS_C008821" PRIMARY KEY ("ROOM_ID")
  USING INDEX PCTFREE 10 INITRANS 2 MAXTRANS 255 
  STORAGE(INITIAL 65536 NEXT 1048576 MINEXTENTS 1 MAXEXTENTS 2147483645
  PCTINCREASE 0 FREELISTS 1 FREELIST GROUPS 1
  BUFFER_POOL DEFAULT FLASH_CACHE DEFAULT CELL_FLASH_CACHE DEFAULT)
  TABLESPACE "DBDESIGN"  ENABLE;
--------------------------------------------------------
--  Constraints for Table UNIT_PRICE
--------------------------------------------------------

  ALTER TABLE "DESIGN"."UNIT_PRICE" MODIFY ("PARKING_PLACE_TYPE" NOT NULL ENABLE);
  ALTER TABLE "DESIGN"."UNIT_PRICE" ADD CONSTRAINT "SYS_C008805" PRIMARY KEY ("PARKING_PLACE_TYPE")
  USING INDEX PCTFREE 10 INITRANS 2 MAXTRANS 255 
  STORAGE(INITIAL 65536 NEXT 1048576 MINEXTENTS 1 MAXEXTENTS 2147483645
  PCTINCREASE 0 FREELISTS 1 FREELIST GROUPS 1
  BUFFER_POOL DEFAULT FLASH_CACHE DEFAULT CELL_FLASH_CACHE DEFAULT)
  TABLESPACE "DBDESIGN"  ENABLE;
--------------------------------------------------------
--  Constraints for Table CHECKREPAIR
--------------------------------------------------------

  ALTER TABLE "DESIGN"."CHECKREPAIR" MODIFY ("EMP_ID" NOT NULL ENABLE);
  ALTER TABLE "DESIGN"."CHECKREPAIR" MODIFY ("ASSET_ID" NOT NULL ENABLE);
  ALTER TABLE "DESIGN"."CHECKREPAIR" MODIFY ("CHECK_REPAIR_TIME" NOT NULL ENABLE);
  ALTER TABLE "DESIGN"."CHECKREPAIR" ADD CONSTRAINT "SYS_C008882" PRIMARY KEY ("EMP_ID", "ASSET_ID", "CHECK_REPAIR_TIME")
  USING INDEX PCTFREE 10 INITRANS 2 MAXTRANS 255 
  STORAGE(INITIAL 65536 NEXT 1048576 MINEXTENTS 1 MAXEXTENTS 2147483645
  PCTINCREASE 0 FREELISTS 1 FREELIST GROUPS 1
  BUFFER_POOL DEFAULT FLASH_CACHE DEFAULT CELL_FLASH_CACHE DEFAULT)
  TABLESPACE "DBDESIGN"  ENABLE;
--------------------------------------------------------
--  Constraints for Table ENTER_EXIT
--------------------------------------------------------

  ALTER TABLE "DESIGN"."ENTER_EXIT" MODIFY ("INFO_ID" NOT NULL ENABLE);
  ALTER TABLE "DESIGN"."ENTER_EXIT" ADD CONSTRAINT "SYS_C008855" PRIMARY KEY ("INFO_ID")
  USING INDEX PCTFREE 10 INITRANS 2 MAXTRANS 255 
  STORAGE(INITIAL 65536 NEXT 1048576 MINEXTENTS 1 MAXEXTENTS 2147483645
  PCTINCREASE 0 FREELISTS 1 FREELIST GROUPS 1
  BUFFER_POOL DEFAULT FLASH_CACHE DEFAULT CELL_FLASH_CACHE DEFAULT)
  TABLESPACE "DBDESIGN"  ENABLE;
--------------------------------------------------------
--  Constraints for Table CHECK_IN_CHECK_OUT
--------------------------------------------------------

  ALTER TABLE "DESIGN"."CHECK_IN_CHECK_OUT" MODIFY ("CHECK_IN_ID" NOT NULL ENABLE);
  ALTER TABLE "DESIGN"."CHECK_IN_CHECK_OUT" ADD CONSTRAINT "SYS_C008864" PRIMARY KEY ("CHECK_IN_ID")
  USING INDEX PCTFREE 10 INITRANS 2 MAXTRANS 255 
  STORAGE(INITIAL 65536 NEXT 1048576 MINEXTENTS 1 MAXEXTENTS 2147483645
  PCTINCREASE 0 FREELISTS 1 FREELIST GROUPS 1
  BUFFER_POOL DEFAULT FLASH_CACHE DEFAULT CELL_FLASH_CACHE DEFAULT)
  TABLESPACE "DBDESIGN"  ENABLE;
--------------------------------------------------------
--  Constraints for Table CUSTOMER
--------------------------------------------------------

  ALTER TABLE "DESIGN"."CUSTOMER" MODIFY ("CUSTOMER_ID" NOT NULL ENABLE);
  ALTER TABLE "DESIGN"."CUSTOMER" ADD CONSTRAINT "SYS_C008803" PRIMARY KEY ("CUSTOMER_ID")
  USING INDEX PCTFREE 10 INITRANS 2 MAXTRANS 255 
  STORAGE(INITIAL 65536 NEXT 1048576 MINEXTENTS 1 MAXEXTENTS 2147483645
  PCTINCREASE 0 FREELISTS 1 FREELIST GROUPS 1
  BUFFER_POOL DEFAULT FLASH_CACHE DEFAULT CELL_FLASH_CACHE DEFAULT)
  TABLESPACE "DBDESIGN"  ENABLE;
--------------------------------------------------------
--  Constraints for Table CLEANING
--------------------------------------------------------

  ALTER TABLE "DESIGN"."CLEANING" MODIFY ("ROOM_ID" NOT NULL ENABLE);
  ALTER TABLE "DESIGN"."CLEANING" MODIFY ("EMP_ID" NOT NULL ENABLE);
  ALTER TABLE "DESIGN"."CLEANING" MODIFY ("CLEANING_TIME" NOT NULL ENABLE);
  ALTER TABLE "DESIGN"."CLEANING" ADD CONSTRAINT "SYS_C008832" PRIMARY KEY ("ROOM_ID", "EMP_ID", "CLEANING_TIME")
  USING INDEX PCTFREE 10 INITRANS 2 MAXTRANS 255 
  STORAGE(INITIAL 65536 NEXT 1048576 MINEXTENTS 1 MAXEXTENTS 2147483645
  PCTINCREASE 0 FREELISTS 1 FREELIST GROUPS 1
  BUFFER_POOL DEFAULT FLASH_CACHE DEFAULT CELL_FLASH_CACHE DEFAULT)
  TABLESPACE "DBDESIGN"  ENABLE;
--------------------------------------------------------
--  Constraints for Table MYTABLE
--------------------------------------------------------

  ALTER TABLE "DESIGN"."MYTABLE" MODIFY ("TABLE_ID" NOT NULL ENABLE);
  ALTER TABLE "DESIGN"."MYTABLE" ADD CONSTRAINT "SYS_C008801" PRIMARY KEY ("TABLE_ID")
  USING INDEX PCTFREE 10 INITRANS 2 MAXTRANS 255 
  STORAGE(INITIAL 65536 NEXT 1048576 MINEXTENTS 1 MAXEXTENTS 2147483645
  PCTINCREASE 0 FREELISTS 1 FREELIST GROUPS 1
  BUFFER_POOL DEFAULT FLASH_CACHE DEFAULT CELL_FLASH_CACHE DEFAULT)
  TABLESPACE "DBDESIGN"  ENABLE;
--------------------------------------------------------
--  Constraints for Table ATTENDANCE_INFORMATION
--------------------------------------------------------

  ALTER TABLE "DESIGN"."ATTENDANCE_INFORMATION" MODIFY ("ATTENDANCE_ID" NOT NULL ENABLE);
  ALTER TABLE "DESIGN"."ATTENDANCE_INFORMATION" ADD CONSTRAINT "SYS_C008862" PRIMARY KEY ("ATTENDANCE_ID")
  USING INDEX PCTFREE 10 INITRANS 2 MAXTRANS 255 
  STORAGE(INITIAL 65536 NEXT 1048576 MINEXTENTS 1 MAXEXTENTS 2147483645
  PCTINCREASE 0 FREELISTS 1 FREELIST GROUPS 1
  BUFFER_POOL DEFAULT FLASH_CACHE DEFAULT CELL_FLASH_CACHE DEFAULT)
  TABLESPACE "DBDESIGN"  ENABLE;
--------------------------------------------------------
--  Constraints for Table SUPPLIER
--------------------------------------------------------

  ALTER TABLE "DESIGN"."SUPPLIER" MODIFY ("SUPPLIER_ID" NOT NULL ENABLE);
  ALTER TABLE "DESIGN"."SUPPLIER" ADD CONSTRAINT "SYS_C008799" PRIMARY KEY ("SUPPLIER_ID")
  USING INDEX PCTFREE 10 INITRANS 2 MAXTRANS 255 
  STORAGE(INITIAL 65536 NEXT 1048576 MINEXTENTS 1 MAXEXTENTS 2147483645
  PCTINCREASE 0 FREELISTS 1 FREELIST GROUPS 1
  BUFFER_POOL DEFAULT FLASH_CACHE DEFAULT CELL_FLASH_CACHE DEFAULT)
  TABLESPACE "DBDESIGN"  ENABLE;
--------------------------------------------------------
--  Constraints for Table CONSUMPTION_RECORDS
--------------------------------------------------------

  ALTER TABLE "DESIGN"."CONSUMPTION_RECORDS" MODIFY ("CONSUME_ID" NOT NULL ENABLE);
  ALTER TABLE "DESIGN"."CONSUMPTION_RECORDS" ADD CONSTRAINT "SYS_C008848" PRIMARY KEY ("CONSUME_ID")
  USING INDEX PCTFREE 10 INITRANS 2 MAXTRANS 255 
  STORAGE(INITIAL 65536 NEXT 1048576 MINEXTENTS 1 MAXEXTENTS 2147483645
  PCTINCREASE 0 FREELISTS 1 FREELIST GROUPS 1
  BUFFER_POOL DEFAULT FLASH_CACHE DEFAULT CELL_FLASH_CACHE DEFAULT)
  TABLESPACE "DBDESIGN"  ENABLE;
--------------------------------------------------------
--  Constraints for Table LOCATION
--------------------------------------------------------

  ALTER TABLE "DESIGN"."LOCATION" MODIFY ("LOCATION_ID" NOT NULL ENABLE);
  ALTER TABLE "DESIGN"."LOCATION" ADD CONSTRAINT "SYS_C008871" PRIMARY KEY ("LOCATION_ID")
  USING INDEX PCTFREE 10 INITRANS 2 MAXTRANS 255 
  STORAGE(INITIAL 65536 NEXT 1048576 MINEXTENTS 1 MAXEXTENTS 2147483645
  PCTINCREASE 0 FREELISTS 1 FREELIST GROUPS 1
  BUFFER_POOL DEFAULT FLASH_CACHE DEFAULT CELL_FLASH_CACHE DEFAULT)
  TABLESPACE "DBDESIGN"  ENABLE;
--------------------------------------------------------
--  Constraints for Table PURCHASE
--------------------------------------------------------

  ALTER TABLE "DESIGN"."PURCHASE" MODIFY ("PURCHASE_ID" NOT NULL ENABLE);
  ALTER TABLE "DESIGN"."PURCHASE" MODIFY ("GOODS_ID" NOT NULL ENABLE);
  ALTER TABLE "DESIGN"."PURCHASE" MODIFY ("EMPLOYEE_ID" NOT NULL ENABLE);
  ALTER TABLE "DESIGN"."PURCHASE" MODIFY ("SUPPLIER_ID" NOT NULL ENABLE);
  ALTER TABLE "DESIGN"."PURCHASE" MODIFY ("PURCHASE_QUANTITY" NOT NULL ENABLE);
  ALTER TABLE "DESIGN"."PURCHASE" MODIFY ("UNIT_PRICE" NOT NULL ENABLE);
  ALTER TABLE "DESIGN"."PURCHASE" ADD CONSTRAINT "SYS_C008859" PRIMARY KEY ("PURCHASE_ID")
  USING INDEX PCTFREE 10 INITRANS 2 MAXTRANS 255 
  STORAGE(INITIAL 65536 NEXT 1048576 MINEXTENTS 1 MAXEXTENTS 2147483645
  PCTINCREASE 0 FREELISTS 1 FREELIST GROUPS 1
  BUFFER_POOL DEFAULT FLASH_CACHE DEFAULT CELL_FLASH_CACHE DEFAULT)
  TABLESPACE "DBDESIGN"  ENABLE;
--------------------------------------------------------
--  Constraints for Table CONSUME
--------------------------------------------------------

  ALTER TABLE "DESIGN"."CONSUME" MODIFY ("DEPARTMENT_ID" NOT NULL ENABLE);
  ALTER TABLE "DESIGN"."CONSUME" MODIFY ("GOODS_ID" NOT NULL ENABLE);
  ALTER TABLE "DESIGN"."CONSUME" ADD CONSTRAINT "SYS_C008868" PRIMARY KEY ("DEPARTMENT_ID", "GOODS_ID")
  USING INDEX PCTFREE 10 INITRANS 2 MAXTRANS 255 
  STORAGE(INITIAL 65536 NEXT 1048576 MINEXTENTS 1 MAXEXTENTS 2147483645
  PCTINCREASE 0 FREELISTS 1 FREELIST GROUPS 1
  BUFFER_POOL DEFAULT FLASH_CACHE DEFAULT CELL_FLASH_CACHE DEFAULT)
  TABLESPACE "DBDESIGN"  ENABLE;
--------------------------------------------------------
--  Ref Constraints for Table ACCOUNTING_SUBJECTS
--------------------------------------------------------

  ALTER TABLE "DESIGN"."ACCOUNTING_SUBJECTS" ADD CONSTRAINT "SYS_C008867" FOREIGN KEY ("EMP_ID")
	  REFERENCES "DESIGN"."EMPLOYEE" ("EMPLOYEE_ID") ENABLE;
--------------------------------------------------------
--  Ref Constraints for Table APPLICATION
--------------------------------------------------------

  ALTER TABLE "DESIGN"."APPLICATION" ADD CONSTRAINT "SYS_C008858" FOREIGN KEY ("EMPLOYEE_ID")
	  REFERENCES "DESIGN"."EMPLOYEE" ("EMPLOYEE_ID") ENABLE;
--------------------------------------------------------
--  Ref Constraints for Table ASSETS_INFORMATION
--------------------------------------------------------

  ALTER TABLE "DESIGN"."ASSETS_INFORMATION" ADD CONSTRAINT "SYS_C008875" FOREIGN KEY ("ACCOUNT_SUBJECT_ID")
	  REFERENCES "DESIGN"."ACCOUNTING_SUBJECTS" ("ACCOUNT_SUBJECT_ID") ENABLE;
  ALTER TABLE "DESIGN"."ASSETS_INFORMATION" ADD CONSTRAINT "SYS_C008876" FOREIGN KEY ("LOCATION_ID")
	  REFERENCES "DESIGN"."LOCATION" ("LOCATION_ID") ENABLE;
--------------------------------------------------------
--  Ref Constraints for Table ASSETS_SUMMARIZE
--------------------------------------------------------

  ALTER TABLE "DESIGN"."ASSETS_SUMMARIZE" ADD CONSTRAINT "SYS_C008878" FOREIGN KEY ("ACCOUNT_SUBJECT_ID")
	  REFERENCES "DESIGN"."ACCOUNTING_SUBJECTS" ("ACCOUNT_SUBJECT_ID") ENABLE;
--------------------------------------------------------
--  Ref Constraints for Table ASSIGNMENT
--------------------------------------------------------

  ALTER TABLE "DESIGN"."ASSIGNMENT" ADD CONSTRAINT "SYS_C008794" FOREIGN KEY ("DEPARTMENT_ID")
	  REFERENCES "DESIGN"."DEPARTMENT" ("DEPARTMENT_ID") ENABLE;
--------------------------------------------------------
--  Ref Constraints for Table ATTENDANCE_INFORMATION
--------------------------------------------------------

  ALTER TABLE "DESIGN"."ATTENDANCE_INFORMATION" ADD CONSTRAINT "SYS_C008863" FOREIGN KEY ("EMP_ID")
	  REFERENCES "DESIGN"."EMPLOYEE" ("EMPLOYEE_ID") ENABLE;
--------------------------------------------------------
--  Ref Constraints for Table BOOK
--------------------------------------------------------

  ALTER TABLE "DESIGN"."BOOK" ADD CONSTRAINT "SYS_C008815" FOREIGN KEY ("TABLE_ID")
	  REFERENCES "DESIGN"."MYTABLE" ("TABLE_ID") ENABLE;
  ALTER TABLE "DESIGN"."BOOK" ADD CONSTRAINT "SYS_C008816" FOREIGN KEY ("CUSTOMER_ID")
	  REFERENCES "DESIGN"."CUSTOMER" ("CUSTOMER_ID") ENABLE;
--------------------------------------------------------
--  Ref Constraints for Table CAR
--------------------------------------------------------

  ALTER TABLE "DESIGN"."CAR" ADD CONSTRAINT "SYS_C008829" FOREIGN KEY ("CUSTOMER_ID")
	  REFERENCES "DESIGN"."CUSTOMER" ("CUSTOMER_ID") ENABLE;
--------------------------------------------------------
--  Ref Constraints for Table CHECKIN
--------------------------------------------------------

  ALTER TABLE "DESIGN"."CHECKIN" ADD CONSTRAINT "SYS_C008839" FOREIGN KEY ("CUSTOMER_ID")
	  REFERENCES "DESIGN"."CUSTOMER" ("CUSTOMER_ID") ENABLE;
  ALTER TABLE "DESIGN"."CHECKIN" ADD CONSTRAINT "SYS_C008840" FOREIGN KEY ("ROOM_ID")
	  REFERENCES "DESIGN"."ROOM" ("ROOM_ID") ENABLE;
--------------------------------------------------------
--  Ref Constraints for Table CHECKREPAIR
--------------------------------------------------------

  ALTER TABLE "DESIGN"."CHECKREPAIR" ADD CONSTRAINT "SYS_C008883" FOREIGN KEY ("EMP_ID")
	  REFERENCES "DESIGN"."EMPLOYEE" ("EMPLOYEE_ID") ENABLE;
  ALTER TABLE "DESIGN"."CHECKREPAIR" ADD CONSTRAINT "SYS_C008884" FOREIGN KEY ("ASSET_ID")
	  REFERENCES "DESIGN"."ASSETS_INFORMATION" ("ASSET_ID") ENABLE;
--------------------------------------------------------
--  Ref Constraints for Table CHECK_IN_CHECK_OUT
--------------------------------------------------------

  ALTER TABLE "DESIGN"."CHECK_IN_CHECK_OUT" ADD CONSTRAINT "SYS_C008865" FOREIGN KEY ("EMP_ID")
	  REFERENCES "DESIGN"."EMPLOYEE" ("EMPLOYEE_ID") ENABLE;
--------------------------------------------------------
--  Ref Constraints for Table CLEANING
--------------------------------------------------------

  ALTER TABLE "DESIGN"."CLEANING" ADD CONSTRAINT "SYS_C008833" FOREIGN KEY ("ROOM_ID")
	  REFERENCES "DESIGN"."ROOM" ("ROOM_ID") ENABLE;
  ALTER TABLE "DESIGN"."CLEANING" ADD CONSTRAINT "SYS_C008834" FOREIGN KEY ("EMP_ID")
	  REFERENCES "DESIGN"."EMPLOYEE" ("EMPLOYEE_ID") ENABLE;
--------------------------------------------------------
--  Ref Constraints for Table COMPLAINT
--------------------------------------------------------

  ALTER TABLE "DESIGN"."COMPLAINT" ADD CONSTRAINT "SYS_C008820" FOREIGN KEY ("CUSTOMER_ID")
	  REFERENCES "DESIGN"."CUSTOMER" ("CUSTOMER_ID") ENABLE;
--------------------------------------------------------
--  Ref Constraints for Table CONSUME
--------------------------------------------------------

  ALTER TABLE "DESIGN"."CONSUME" ADD CONSTRAINT "SYS_C008869" FOREIGN KEY ("DEPARTMENT_ID")
	  REFERENCES "DESIGN"."DEPARTMENT" ("DEPARTMENT_ID") ENABLE;
  ALTER TABLE "DESIGN"."CONSUME" ADD CONSTRAINT "SYS_C008870" FOREIGN KEY ("GOODS_ID")
	  REFERENCES "DESIGN"."GOODS" ("GOODS_ID") ENABLE;
--------------------------------------------------------
--  Ref Constraints for Table CONSUMPTION_RECORDS
--------------------------------------------------------

  ALTER TABLE "DESIGN"."CONSUMPTION_RECORDS" ADD CONSTRAINT "SYS_C008849" FOREIGN KEY ("ROOM_ID")
	  REFERENCES "DESIGN"."ROOM" ("ROOM_ID") ENABLE;
  ALTER TABLE "DESIGN"."CONSUMPTION_RECORDS" ADD CONSTRAINT "SYS_C008850" FOREIGN KEY ("BILL_ID")
	  REFERENCES "DESIGN"."BILL" ("BILL_ID") ENABLE;
  ALTER TABLE "DESIGN"."CONSUMPTION_RECORDS" ADD CONSTRAINT "SYS_C008851" FOREIGN KEY ("EMPLOYEE_ID")
	  REFERENCES "DESIGN"."EMPLOYEE" ("EMPLOYEE_ID") ENABLE;
--------------------------------------------------------
--  Ref Constraints for Table EMPLOYEE
--------------------------------------------------------

  ALTER TABLE "DESIGN"."EMPLOYEE" ADD CONSTRAINT "SYS_C008798" FOREIGN KEY ("POST_ID")
	  REFERENCES "DESIGN"."POST" ("POST_ID") ENABLE;
--------------------------------------------------------
--  Ref Constraints for Table ENTER_EXIT
--------------------------------------------------------

  ALTER TABLE "DESIGN"."ENTER_EXIT" ADD CONSTRAINT "SYS_C008856" FOREIGN KEY ("CAR_NUMBER")
	  REFERENCES "DESIGN"."CAR" ("CAR_NUMBER") ENABLE;
--------------------------------------------------------
--  Ref Constraints for Table LOCATION
--------------------------------------------------------

  ALTER TABLE "DESIGN"."LOCATION" ADD CONSTRAINT "SYS_C008872" FOREIGN KEY ("ROOM_ID")
	  REFERENCES "DESIGN"."ROOM" ("ROOM_ID") ENABLE;
--------------------------------------------------------
--  Ref Constraints for Table MAINTAIN
--------------------------------------------------------

  ALTER TABLE "DESIGN"."MAINTAIN" ADD CONSTRAINT "SYS_C008846" FOREIGN KEY ("ROOM_ID")
	  REFERENCES "DESIGN"."ROOM" ("ROOM_ID") ENABLE;
  ALTER TABLE "DESIGN"."MAINTAIN" ADD CONSTRAINT "SYS_C008847" FOREIGN KEY ("EMP_ID")
	  REFERENCES "DESIGN"."EMPLOYEE" ("EMPLOYEE_ID") ENABLE;
--------------------------------------------------------
--  Ref Constraints for Table MYORDER
--------------------------------------------------------

  ALTER TABLE "DESIGN"."MYORDER" ADD CONSTRAINT "SYS_C008811" FOREIGN KEY ("TABLE_ID")
	  REFERENCES "DESIGN"."MYTABLE" ("TABLE_ID") ENABLE;
  ALTER TABLE "DESIGN"."MYORDER" ADD CONSTRAINT "SYS_C008812" FOREIGN KEY ("DISH_ID")
	  REFERENCES "DESIGN"."DISH" ("DISH_ID") ENABLE;
  ALTER TABLE "DESIGN"."MYORDER" ADD CONSTRAINT "SYS_C008813" FOREIGN KEY ("CONSUMPTION_RECORD_ID")
	  REFERENCES "DESIGN"."CONSUMPTION_RECORDS" ("CONSUME_ID") ENABLE;
--------------------------------------------------------
--  Ref Constraints for Table PARKING
--------------------------------------------------------

  ALTER TABLE "DESIGN"."PARKING" ADD CONSTRAINT "SYS_C008853" FOREIGN KEY ("PARKING_SPACE_ID")
	  REFERENCES "DESIGN"."PARK_PLACE" ("PARKING_SPACE_ID") ENABLE;
  ALTER TABLE "DESIGN"."PARKING" ADD CONSTRAINT "SYS_C008854" FOREIGN KEY ("CAR_NUMBER")
	  REFERENCES "DESIGN"."CAR" ("CAR_NUMBER") ENABLE;
--------------------------------------------------------
--  Ref Constraints for Table PARK_PLACE
--------------------------------------------------------

  ALTER TABLE "DESIGN"."PARK_PLACE" ADD CONSTRAINT "SYS_C008827" FOREIGN KEY ("TYPE")
	  REFERENCES "DESIGN"."UNIT_PRICE" ("PARKING_PLACE_TYPE") ENABLE;
--------------------------------------------------------
--  Ref Constraints for Table PAY
--------------------------------------------------------

  ALTER TABLE "DESIGN"."PAY" ADD CONSTRAINT "SYS_C008824" FOREIGN KEY ("CUSTOMER_ID")
	  REFERENCES "DESIGN"."CUSTOMER" ("CUSTOMER_ID") ENABLE;
  ALTER TABLE "DESIGN"."PAY" ADD CONSTRAINT "SYS_C008825" FOREIGN KEY ("BILL_ID")
	  REFERENCES "DESIGN"."BILL" ("BILL_ID") ENABLE;
--------------------------------------------------------
--  Ref Constraints for Table POST
--------------------------------------------------------

  ALTER TABLE "DESIGN"."POST" ADD CONSTRAINT "SYS_C008796" FOREIGN KEY ("DEPARTMENT_ID")
	  REFERENCES "DESIGN"."DEPARTMENT" ("DEPARTMENT_ID") ENABLE;
--------------------------------------------------------
--  Ref Constraints for Table PURCHASE
--------------------------------------------------------

  ALTER TABLE "DESIGN"."PURCHASE" ADD CONSTRAINT "SYS_C008860" FOREIGN KEY ("GOODS_ID")
	  REFERENCES "DESIGN"."GOODS" ("GOODS_ID") ENABLE;
  ALTER TABLE "DESIGN"."PURCHASE" ADD CONSTRAINT "SYS_C008861" FOREIGN KEY ("EMPLOYEE_ID")
	  REFERENCES "DESIGN"."EMPLOYEE" ("EMPLOYEE_ID") ENABLE;
  ALTER TABLE "DESIGN"."PURCHASE" ADD CONSTRAINT "SYS_C008900" FOREIGN KEY ("SUPPLIER_ID")
	  REFERENCES "DESIGN"."SUPPLIER" ("SUPPLIER_ID") ENABLE;
--------------------------------------------------------
--  Ref Constraints for Table ROOM
--------------------------------------------------------

  ALTER TABLE "DESIGN"."ROOM" ADD CONSTRAINT "SYS_C008822" FOREIGN KEY ("TYPE_ID")
	  REFERENCES "DESIGN"."ROOMTYPE" ("TYPE_ID") ENABLE;
--------------------------------------------------------
--  Ref Constraints for Table ROOMORDER
--------------------------------------------------------

  ALTER TABLE "DESIGN"."ROOMORDER" ADD CONSTRAINT "SYS_C008842" FOREIGN KEY ("CUSTOMER_ID")
	  REFERENCES "DESIGN"."CUSTOMER" ("CUSTOMER_ID") ENABLE;
  ALTER TABLE "DESIGN"."ROOMORDER" ADD CONSTRAINT "SYS_C008843" FOREIGN KEY ("TYPE_ID")
	  REFERENCES "DESIGN"."ROOMTYPE" ("TYPE_ID") ENABLE;
  ALTER TABLE "DESIGN"."ROOMORDER" ADD CONSTRAINT "SYS_C008844" FOREIGN KEY ("EMP_ID")
	  REFERENCES "DESIGN"."EMPLOYEE" ("EMPLOYEE_ID") ENABLE;
--------------------------------------------------------
--  Ref Constraints for Table SALARY
--------------------------------------------------------

  ALTER TABLE "DESIGN"."SALARY" ADD CONSTRAINT "SYS_C008831" FOREIGN KEY ("EMP_ID")
	  REFERENCES "DESIGN"."EMPLOYEE" ("EMPLOYEE_ID") ENABLE;
--------------------------------------------------------
--  Ref Constraints for Table SCRAP
--------------------------------------------------------

  ALTER TABLE "DESIGN"."SCRAP" ADD CONSTRAINT "SYS_C008880" FOREIGN KEY ("EMP_ID")
	  REFERENCES "DESIGN"."EMPLOYEE" ("EMPLOYEE_ID") ENABLE;
  ALTER TABLE "DESIGN"."SCRAP" ADD CONSTRAINT "SYS_C008881" FOREIGN KEY ("ASSET_ID")
	  REFERENCES "DESIGN"."ASSETS_INFORMATION" ("ASSET_ID") ENABLE;
--------------------------------------------------------
--  Ref Constraints for Table SERVICE
--------------------------------------------------------

  ALTER TABLE "DESIGN"."SERVICE" ADD CONSTRAINT "SYS_C008836" FOREIGN KEY ("CUSTOMER_ID")
	  REFERENCES "DESIGN"."CUSTOMER" ("CUSTOMER_ID") ENABLE;
  ALTER TABLE "DESIGN"."SERVICE" ADD CONSTRAINT "SYS_C008837" FOREIGN KEY ("EMP_ID")
	  REFERENCES "DESIGN"."EMPLOYEE" ("EMPLOYEE_ID") ENABLE;
--------------------------------------------------------
--  Ref Constraints for Table STAGING
--------------------------------------------------------

  ALTER TABLE "DESIGN"."STAGING" ADD CONSTRAINT "SYS_C008818" FOREIGN KEY ("CUSTOMER_ID")
	  REFERENCES "DESIGN"."CUSTOMER" ("CUSTOMER_ID") ENABLE;
