Insert into CAR (CAR_NUMBER,CUSTOMER_ID) values ('沪A12345',1);
Insert into CAR (CAR_NUMBER,CUSTOMER_ID) values ('浙B67890',2);
Insert into CAR (CAR_NUMBER,CUSTOMER_ID) values ('沪C24680',3);
Insert into CAR (CAR_NUMBER,CUSTOMER_ID) values ('浙D13579',4);
Insert into CAR (CAR_NUMBER,CUSTOMER_ID) values ('沪E97531',5);
Insert into CAR (CAR_NUMBER,CUSTOMER_ID) values ('浙F86420',6);
Insert into CAR (CAR_NUMBER,CUSTOMER_ID) values ('沪G64280',7);
Insert into CAR (CAR_NUMBER,CUSTOMER_ID) values ('浙H75319',8);
Insert into CAR (CAR_NUMBER,CUSTOMER_ID) values ('沪J81357',9);
Insert into CAR (CAR_NUMBER,CUSTOMER_ID) values ('浙K92546',10);
Insert into CAR (CAR_NUMBER,CUSTOMER_ID) values ('沪L63584',11);
Insert into CAR (CAR_NUMBER,CUSTOMER_ID) values ('浙M24768',12);
Insert into CAR (CAR_NUMBER,CUSTOMER_ID) values ('沪N87623',13);
Insert into CAR (CAR_NUMBER,CUSTOMER_ID) values ('浙P43829',14);
Insert into CAR (CAR_NUMBER,CUSTOMER_ID) values ('沪R75234',15);
Insert into CAR (CAR_NUMBER,CUSTOMER_ID) values ('沪C85LM3',16);

Insert into PARKINGSPACE (PARKING_SPACE_ID,TYPE,AREA,STATUS,MEMBER_PRICE,NOT_MEMBER_PRICE) values (1,'通用','A','使用中',0,2);
Insert into PARKINGSPACE (PARKING_SPACE_ID,TYPE,AREA,STATUS,MEMBER_PRICE,NOT_MEMBER_PRICE) values (2,'通用','A','空闲',0,2);
Insert into PARKINGSPACE (PARKING_SPACE_ID,TYPE,AREA,STATUS,MEMBER_PRICE,NOT_MEMBER_PRICE) values (3,'通用','A','使用中',0,2);
Insert into PARKINGSPACE (PARKING_SPACE_ID,TYPE,AREA,STATUS,MEMBER_PRICE,NOT_MEMBER_PRICE) values (4,'小型','A','空闲',0,1);
Insert into PARKINGSPACE (PARKING_SPACE_ID,TYPE,AREA,STATUS,MEMBER_PRICE,NOT_MEMBER_PRICE) values (5,'中型','A','空闲',0,2);
Insert into PARKINGSPACE (PARKING_SPACE_ID,TYPE,AREA,STATUS,MEMBER_PRICE,NOT_MEMBER_PRICE) values (6,'大型','A','使用中',1,3);
Insert into PARKINGSPACE (PARKING_SPACE_ID,TYPE,AREA,STATUS,MEMBER_PRICE,NOT_MEMBER_PRICE) values (7,'通用','B','空闲',0,2);
Insert into PARKINGSPACE (PARKING_SPACE_ID,TYPE,AREA,STATUS,MEMBER_PRICE,NOT_MEMBER_PRICE) values (8,'通用','B','空闲',0,2);
Insert into PARKINGSPACE (PARKING_SPACE_ID,TYPE,AREA,STATUS,MEMBER_PRICE,NOT_MEMBER_PRICE) values (9,'通用','B','使用中',0,2);
Insert into PARKINGSPACE (PARKING_SPACE_ID,TYPE,AREA,STATUS,MEMBER_PRICE,NOT_MEMBER_PRICE) values (10,'小型','B','空闲',0,1);
Insert into PARKINGSPACE (PARKING_SPACE_ID,TYPE,AREA,STATUS,MEMBER_PRICE,NOT_MEMBER_PRICE) values (11,'中型','B','使用中',0,2);
Insert into PARKINGSPACE (PARKING_SPACE_ID,TYPE,AREA,STATUS,MEMBER_PRICE,NOT_MEMBER_PRICE) values (12,'大型','B','空闲',1,3);
Insert into PARKINGSPACE (PARKING_SPACE_ID,TYPE,AREA,STATUS,MEMBER_PRICE,NOT_MEMBER_PRICE) values (13,'地上通用停车位','C','使用中',0,1);
Insert into PARKINGSPACE (PARKING_SPACE_ID,TYPE,AREA,STATUS,MEMBER_PRICE,NOT_MEMBER_PRICE) values (14,'地上通用停车位','C','空闲',0,1);
Insert into PARKINGSPACE (PARKING_SPACE_ID,TYPE,AREA,STATUS,MEMBER_PRICE,NOT_MEMBER_PRICE) values (15,'地上通用停车位','C','使用中',0,1);
Insert into PARKINGSPACE (PARKING_SPACE_ID,TYPE,AREA,STATUS,MEMBER_PRICE,NOT_MEMBER_PRICE) values (16,'地上通用停车位','C','使用中',0,1);
Insert into PARKINGSPACE (PARKING_SPACE_ID,TYPE,AREA,STATUS,MEMBER_PRICE,NOT_MEMBER_PRICE) values (17,'地上通用停车位','C','使用中',0,1);
Insert into PARKINGSPACE (PARKING_SPACE_ID,TYPE,AREA,STATUS,MEMBER_PRICE,NOT_MEMBER_PRICE) values (18,'地上通用停车位','C','空闲',0,1);

INSERT INTO PARK (PARKING_SPACE_ID, CAR_NUMBER, PARKING_ENTER_TIME, PARKING_EXIST_TIME) 
VALUES 
(3, '沪A12345', '2023-07-22 06:37:50', '2023-07-22 16:37:50'),
(14, '浙F86420', '2023-07-22 08:25:10', '2023-07-22 18:25:10'),
(7, '沪C24680', '2023-07-22 10:15:30', '2023-07-22 20:15:30'),
(11, '浙H75319', '2023-07-22 12:10:15', '2023-07-23 00:10:15'),
(2, '沪E97531', '2023-07-22 14:45:25', '2023-07-23 04:45:25'),
(9, '沪J81357', '2023-07-22 16:20:50', '2023-07-23 06:20:50'),
(6, '浙D13579', '2023-07-22 18:10:20', '2023-07-23 08:10:20'),
(12, '浙M24768', '2023-07-22 20:30:40', '2023-07-23 10:30:40'),
(5, '浙B67890', '2023-07-22 22:15:12', '2023-07-23 12:15:12'),
(1, '沪G64280', '2023-07-23 00:40:30', '2023-07-23 14:40:30'),
(16, '浙P43829', '2023-07-23 02:55:21', '2023-07-23 16:55:21'),
(8, '浙K92546', '2023-07-23 05:05:14', '2023-07-23 19:05:14'),
(15, '沪L63584', '2023-07-23 07:20:38', '2023-07-23 21:20:38'),
(4, '沪N87623', '2023-07-23 09:45:49', '2023-07-23 23:45:49'),
(13, '沪R75234', '2023-07-23 12:05:06', '2023-07-24 02:05:06'),
(10, '沪C85LM3', '2023-07-23 14:30:59', '2023-07-24 04:30:59');

